X,Y,velocity
0.22570329904556274,-0.5664528608322144,5.0
0.6403626203536987,-0.5226614475250244,5.0
0.93198162317276,-0.4900077283382416,5.0
1.302658200263977,-0.4471544027328491,5.0
1.6495469808578491,-0.40532076358795166,5.0
1.9713644981384277,-0.36500948667526245,5.0
2.3383333683013916,-0.3180665969848633,5.0
2.661863088607788,-0.27521032094955444,5.0
3.004075288772583,-0.2290528118610382,5.0
3.357307195663452,-0.18050286173820496,5.4170961258334
3.688188314437866,-0.13400442898273468,6.0827961258334025
4.046388149261475,-0.08312153071165085,6.653396125833405
4.38543701171875,-0.03411125764250755,7.143841369125262
4.724168300628662,0.015456457622349262,7.143841369125262
5.076120853424072,0.06746916472911835,7.354433024999825
5.406400203704834,0.11684343218803406,7.440129384344657
5.752087593078613,0.16889457404613495,7.440129384344657
6.09181022644043,0.22040899097919464,7.475544471793002
6.42616081237793,0.2713557779788971,7.48972584338158
6.779181957244873,0.32545605301856995,7.48972584338158
7.11691427230835,0.37732380628585815,7.49580093283768
7.4612932205200195,0.4304564893245697,7.498234761716352
7.808112144470215,0.4842052161693573,7.498234761716352
8.142539024353027,0.5360102653503418,7.499261060082938
8.490052223205566,0.5902237892150879,7.499645310812527
8.827716827392578,0.6428582668304443,7.499645310812527
9.164809226989746,0.695497989654541,7.499853981669627
9.511547088623047,0.7499639987945557,7.499938996367596
9.848938941955566,0.8026755452156067,7.499938996367596
10.195595741271973,0.857183039188385,7.499974279626574
10.538802146911621,0.9110645651817322,7.4999895231029585
10.876930236816406,0.9639027714729309,7.4999895231029585
11.223814010620117,1.0184751749038696,7.499994871147772
11.561188697814941,1.0709946155548096,7.806798420425257
11.902714729309082,1.1242731809616089,7.806798420425257
12.245622634887695,1.1777260303497314,8.113601969702742
12.582592964172363,1.2295587062835693,8.420405518980228
12.929729461669922,1.2833170890808105,8.727209068257714
13.27059268951416,1.3353427648544312,8.727209068257714
13.61151123046875,1.386965274810791,9.0340126175352
13.957672119140625,1.4393768310546875,9.340816166812687
14.295620918273926,1.4892477989196777,9.340816166812687
14.640144348144531,1.540120005607605,9.647619716090173
14.982553482055664,1.5897737741470337,9.954423265367659
15.321615219116211,1.6377636194229126,9.954423265367659
15.667412757873535,1.6867196559906006,10.261226814645145
16.006345748901367,1.7329256534576416,10.568030363922631
16.34897232055664,1.7791928052902222,10.568030363922631
16.693378448486328,1.8250073194503784,10.874833913200117
17.03269386291504,1.8683034181594849,11.181637462477603
17.37917137145996,1.9126579761505127,11.48844101175509
17.7218017578125,1.9547359943389893,11.48844101175509
18.06537628173828,1.9959317445755005,11.795244561032575
18.413341522216797,2.0374372005462646,12.102048110310061
18.754060745239258,2.075766086578369,12.102048110310061
19.0987548828125,2.1147537231445312,11.795244561032575
19.442852020263672,2.1525418758392334,11.48844101175509
19.78509521484375,2.1888539791107178,11.48844101175509
20.13252067565918,2.226618528366089,11.181637462477603
20.47516632080078,2.262098789215088,10.874833913200117
20.82033348083496,2.2984070777893066,10.874833913200117
21.166467666625977,2.3351330757141113,10.568030363922631
21.507368087768555,2.370033025741577,10.261226814645145
21.850231170654297,2.4072318077087402,9.954423265367659
22.188037872314453,2.444153070449829,9.954423265367659
22.526233673095703,2.4839401245117188,9.647619716090173
22.86777687072754,2.5293784141540527,9.647619716090173
23.205583572387695,2.5780601501464844,9.340816166812687
23.54805564880371,2.6356263160705566,9.0340126175352
23.890676498413086,2.7008512020111084,7.499999999874604
24.233278274536133,2.7746784687042236,7.499999999874604
24.58111572265625,2.8617818355560303,7.341669158788784
24.926586151123047,2.958477735519409,7.150714531695356
25.27620506286621,3.087568759918213,6.995923502276059
25.62230682373047,3.1937594413757324,6.995923502276059
25.961484909057617,3.3071041107177734,6.841141092860281
26.294517517089844,3.43039608001709,6.695537968290675
26.61631965637207,3.560269355773926,6.568706110742514
26.92586326599121,3.697852849960327,6.440203027931935
27.216190338134766,3.842834711074829,6.440203027931935
27.499492645263672,4.007968902587891,6.311892997209487
27.794828414916992,4.223194122314453,6.190472724664483
28.070579528808594,4.479254722595215,6.064993142783222
28.300737380981445,4.755037784576416,5.946184544018267
28.489471435546875,5.04724645614624,5.840614536257813
28.634260177612305,5.343502521514893,5.739407141528498
28.74057960510254,5.643646717071533,5.655828533888088
28.81011962890625,5.944698333740234,5.5892067411649
28.842885971069336,6.241948127746582,5.542033506786175
28.844945907592773,6.553613185882568,5.500056519164402
28.815771102905273,6.874731540679932,5.465392598535819
28.759693145751953,7.217689514160156,5.445840079073433
28.67692756652832,7.608156681060791,5.445135050902316
28.582035064697266,7.98677921295166,5.639890956109147
28.499839782714844,8.30805778503418,5.639890956109147
28.418996810913086,8.614232063293457,6.30559095610915
28.332603454589844,8.93344783782959,6.854792544671153
28.246784210205078,9.26335620880127,7.234126124228232
28.155685424804688,9.602709770202637,7.234126124228232
28.065736770629883,9.94942855834961,7.3882234167820195
27.976802825927734,10.302148818969727,7.350695523412827
27.886409759521484,10.658524513244629,7.182388184303256
27.80187225341797,11.018326759338379,7.182388184303256
27.718379974365234,11.37820053100586,7.010854043163207
27.63932228088379,11.738184928894043,6.8622652412157645
27.566917419433594,12.100431442260742,6.723304416029285
27.496313095092773,12.4590482711792,7.099995134411198
27.43338394165039,12.81605339050293,7.099995134411198
27.37403106689453,13.169057846069336,7.070947917973245
27.317584991455078,13.51638412475586,6.9123499639893
27.267606735229492,13.863959312438965,6.784608223581319
27.218379974365234,14.201541900634766,6.784608223581319
27.17363739013672,14.537483215332031,6.845091556040827
27.131927490234375,14.871744155883789,7.221527247871597
27.091285705566406,15.185273170471191,7.363428628706035
27.052995681762695,15.527064323425293,7.363428628706035
27.009597778320312,15.914822578430176,7.443976703965083
26.96786117553711,16.28631591796875,7.476362663263705
26.92813491821289,16.640701293945312,7.488408090125092
26.88239097595215,16.99344253540039,7.488408090125092
26.83622169494629,17.329694747924805,7.409185968958587
26.783775329589844,17.65743064880371,7.409185968958587
26.723777770996094,17.973337173461914,7.21903318098228
26.662809371948242,18.298429489135742,7.0343791899535715
26.573421478271484,18.636199951171875,6.848298572539576
26.46926498413086,18.96965980529785,6.848298572539576
26.35128402709961,19.29015350341797,6.671469328967395
26.214277267456055,19.603548049926758,6.51578782629568
26.06160545349121,19.90579605102539,6.388035767042315
25.885438919067383,20.204511642456055,6.263431814211489
25.693307876586914,20.49010467529297,6.160960933132546
25.495309829711914,20.75234603881836,6.082620867352874
25.278270721435547,21.003217697143555,6.082620867352874
25.039186477661133,21.242431640625,6.0129831892192165
24.77739143371582,21.466819763183594,5.958185144439973
24.4934139251709,21.676847457885742,5.910659927116007
24.194398880004883,21.872814178466797,5.876560761850101
23.87907600402832,22.06151008605957,5.852814002384149
23.564071655273438,22.237714767456055,6.518514002384152
23.264041900634766,22.397388458251953,7.004941182950587
22.963581085205078,22.552900314331055,7.004941182950587
22.6562557220459,22.70888900756836,7.296105843667354
22.346763610839844,22.863277435302734,7.414329698565225
22.033998489379883,23.017393112182617,7.414329698565225
21.7183837890625,23.171693801879883,7.457987729345401
21.400964736938477,23.326297760009766,7.482766056367255
21.08148193359375,23.482030868530273,7.492728642634825
20.761993408203125,23.638456344604492,7.492728642634825
20.44873046875,23.792911529541016,7.496434089614361
20.13935661315918,23.948074340820312,7.4985372046138865
19.82814598083496,24.10849952697754,7.4985372046138865
19.520139694213867,24.27275276184082,7.2839535784689575
19.21509552001953,24.44223403930664,7.091066629290211
18.912212371826172,24.618343353271484,6.941068306743963
18.615161895751953,24.800243377685547,6.941068306743963
18.32225799560547,24.989547729492188,6.790700359283938
18.03561782836914,25.1857967376709,6.666711858593145
17.750030517578125,25.39251708984375,7.124511152054815
17.461305618286133,25.61029052734375,7.124511152054815
17.179107666015625,25.83040428161621,7.073076047761837
16.900096893310547,26.052249908447266,6.906116858385944
16.62381935119629,26.27530288696289,6.752568654377505
16.356645584106445,26.497390747070312,6.634624809703953
16.093477249145508,26.725187301635742,6.634624809703953
15.842435836791992,26.956066131591797,6.525149084120346
15.604669570922852,27.190155029296875,6.4298801842446744
15.362674713134766,27.442899703979492,6.947694130525101
15.118443489074707,27.713224411010742,6.947694130525101
14.88136100769043,27.987648010253906,6.976253353933286
14.654292106628418,28.26197052001953,6.811110220897776
14.438352584838867,28.536117553710938,6.670584310016141
14.232369422912598,28.812416076660156,6.540139660735051
14.041303634643555,29.08997344970703,6.540139660735051
13.864333152770996,29.371143341064453,6.416400292709141
13.696053504943848,29.668487548828125,6.308156549324794
13.540749549865723,29.979995727539062,6.2199115415458905
13.401193618774414,30.2955265045166,6.133431027908667
13.277132034301758,30.618427276611328,6.05943318632204
13.168066024780273,30.948518753051758,6.05943318632204
13.073497772216797,31.285297393798828,5.991907289427103
12.996013641357422,31.630460739135742,5.94045486771721
12.936162948608398,31.969751358032227,5.892376632940921
12.893564224243164,32.29991912841797,5.849957517143264
12.864866256713867,32.635990142822266,5.82207623782131
12.845841407775879,32.97985076904297,5.802865803958408
12.836743354797363,33.32971954345703,5.790231812022536
12.834379196166992,33.685420989990234,6.092291354576698
12.83859920501709,34.045555114746094,6.059300218980653
12.85295581817627,34.411521911621094,6.011415405292369
12.875892639160156,34.76665496826172,5.973557018830923
12.909575462341309,35.10191345214844,5.973557018830923
12.955400466918945,35.439208984375,6.142611165454924
13.010465621948242,35.7821044921875,6.7995165268782625
13.072986602783203,36.1224365234375,7.203898894871769
13.13856029510498,36.46756362915039,7.203898894871769
13.205282211303711,36.81441879272461,7.376028059441948
13.272598266601562,37.161251068115234,7.440489657136603
13.33957290649414,37.51295852661133,7.440489657136603
13.407646179199219,37.86056900024414,7.47549746346054
13.475199699401855,38.201717376708984,7.489704820926339
13.542940139770508,38.54348373413086,7.4950793216671245
13.611739158630371,38.88597869873047,7.4950793216671245
13.678424835205078,39.22904586791992,7.497982626352394
13.744086265563965,39.57236862182617,7.499151929314942
13.8076753616333,39.91580581665039,7.499151929314942
13.867892265319824,40.26005172729492,7.499642196227419
13.926506996154785,40.602970123291016,7.499828957449973
13.981456756591797,40.9466552734375,7.499828957449973
14.033930778503418,41.29425811767578,7.499928055139884
14.084197998046875,41.643348693847656,7.499969655874316
14.130167007446289,41.991790771484375,7.49998551076734
14.174210548400879,42.339637756347656,7.49998551076734
14.214951515197754,42.68681716918945,7.499994082186329
14.252429962158203,43.033321380615234,7.773537993048825
14.28831958770752,43.37936019897461,7.773537993048825
14.320416450500488,43.724552154541016,8.04708190391132
14.350702285766602,44.069339752197266,8.320625814773814
14.37895393371582,44.41689682006836,8.320625814773814
14.404115676879883,44.767608642578125,8.59416972563631
14.428228378295898,45.11827087402344,8.867713636498804
14.449249267578125,45.46833801269531,9.141257547361299
14.468297958374023,45.81786346435547,9.141257547361299
14.486063957214355,46.1666374206543,9.414801458223794
14.500770568847656,46.51523971557617,9.688345369086289
14.514739990234375,46.86292266845703,9.688345369086289
14.526646614074707,47.210182189941406,9.961889279948783
14.536675453186035,47.5588493347168,10.235433190811278
14.546586990356445,47.908817291259766,10.235433190811278
14.554205894470215,48.258872985839844,10.508977101673773
14.561502456665039,48.608428955078125,10.782521012536268
14.568133354187012,48.9576416015625,10.782521012536268
14.573126792907715,49.306583404541016,11.056064923398763
14.578801155090332,49.65522384643555,11.329608834261258
14.583160400390625,50.00368118286133,11.603152745123753
14.587379455566406,50.3519401550293,11.603152745123753
14.592188835144043,50.700286865234375,11.876696655986247
14.595767974853516,51.048728942871094,12.150240566848742
14.600552558898926,51.39712905883789,12.150240566848742
14.605148315429688,51.74556350708008,11.876696655986247
14.609641075134277,52.094032287597656,11.603152745123753
14.615762710571289,52.44267654418945,11.603152745123753
14.621274948120117,52.79137420654297,11.329608834261258
14.628243446350098,53.140350341796875,11.056064923398763
14.636240005493164,53.489662170410156,10.782521012536268
14.644073486328125,53.83869171142578,10.782521012536268
14.653754234313965,54.18783950805664,10.508977101673773
14.66245174407959,54.53704833984375,10.235433190811278
14.670708656311035,54.886268615722656,10.235433190811278
14.678607940673828,55.23567581176758,9.961889279948783
14.68345832824707,55.584320068359375,9.688345369086289
14.687237739562988,55.93327331542969,9.688345369086289
14.68768310546875,56.28156280517578,9.414801458223794
14.684195518493652,56.628726959228516,9.141257547361299
14.67786979675293,56.9818000793457,9.141257547361299
14.664743423461914,57.33943176269531,7.499999999948971
14.64533519744873,57.69309616088867,7.340734364463555
14.617610931396484,58.04399108886719,7.145150370078012
14.578807830810547,58.39231491088867,7.145150370078012
14.530013084411621,58.73542022705078,6.9835218282110585
14.46719741821289,59.07429122924805,6.82285688002429
14.390276908874512,59.407379150390625,6.675396659312261
14.298210144042969,59.73577117919922,6.675396659312261
14.187779426574707,60.06140899658203,6.557273328861027
14.064348220825195,60.38129425048828,6.440057446733856
13.92860221862793,60.69546890258789,6.325281329840346
13.780913352966309,61.00363540649414,6.24042329688097
13.621655464172363,61.302894592285156,6.133764627509277
13.44365119934082,61.592430114746094,6.133764627509277
13.246313095092773,61.86726760864258,6.0175700583513105
13.017668724060059,62.115421295166016,5.913718921951021
12.799777030944824,62.48110580444336,5.822865448324074
12.470955848693848,62.6136474609375,5.732847365034659
12.142753601074219,62.73476028442383,5.732847365034659
11.813529014587402,62.845890045166016,5.911753651119505
11.488198280334473,62.9606819152832,6.074911869973232
11.171405792236328,63.094207763671875,6.161173307653076
10.869932174682617,63.262508392333984,6.018417229084305
10.589844703674316,63.476341247558594,6.018417229084305
10.341095924377441,63.733245849609375,5.840866424832715
10.13887882232666,64.02381896972656,5.656891699010741
9.996981620788574,64.33462524414062,5.487123296793091
9.927468299865723,64.65902709960938,5.331678863418094
9.926913261413574,64.991943359375,5.200948758463511
9.979705810546875,65.32970428466797,5.183426341551959
10.070923805236816,65.67831420898438,5.185341264028284
10.182190895080566,66.02545166015625,5.1958193267939325
10.298015594482422,66.35427856445312,5.209276026640812
10.41614055633545,66.681640625,5.2288987477087225
10.536869049072266,67.01611328125,5.894598747708725
10.660406112670898,67.34736633300781,6.465198747708728
10.787070274353027,67.68042755126953,6.465198747708728
10.917149543762207,68.01425170898438,7.048767491464101
11.050929069519043,68.34423828125,7.306125528498913
11.188765525817871,68.67578125,7.406918674733392
11.330790519714355,69.0031967163086,7.406918674733392
11.477555274963379,69.33094787597656,7.362092206152976
11.63204574584961,69.67340087890625,7.176107312930346
11.788013458251953,70.02000427246094,7.010689693098864
11.93207836151123,70.35987091064453,6.834400332803217
12.062889099121094,70.69705200195312,6.834400332803217
12.176708221435547,71.03166198730469,6.6195791919602405
12.264836311340332,71.36373901367188,6.410653189146821
12.32766342163086,71.69385528564453,6.186844857274037
12.348465919494629,72.01988983154297,5.945696961102572
12.284468650817871,72.33024597167969,5.753837488909752
12.103426933288574,72.59883117675781,5.58921147714453
11.819409370422363,72.79852294921875,5.465734374516172
11.484487533569336,72.91535186767578,5.376959139414529
11.130206108093262,72.94401550292969,5.301535702423308
10.768031120300293,72.8853759765625,5.162220459665441
10.43095588684082,72.75859069824219,5.096782005119445
10.139350891113281,72.58516693115234,5.036062822780355
9.88298511505127,72.36729431152344,5.003637629206213
9.668925285339355,72.10248565673828,5.0
9.50728702545166,71.79479217529297,5.000935412039995
9.375617027282715,71.4584732055664,5.014579242449544
9.252799987792969,71.1150131225586,5.033278525332911
9.131633758544922,70.77134704589844,5.055891905378101
9.010404586791992,70.42626190185547,5.629928570700615
8.893014907836914,70.08500671386719,6.295628570700618
8.777558326721191,69.74420928955078,6.93295093817187
8.662572860717773,69.39701080322266,6.93295093817187
8.55051326751709,69.05116271972656,7.256073746742396
8.441206932067871,68.71100616455078,7.382887322656979
8.334248542785645,68.37274169921875,7.451780492733109
8.228967666625977,68.03699493408203,7.451780492733109
8.124704360961914,67.70311737060547,7.47973968680529
8.021286010742188,67.36954498291016,7.4900644415684265
7.917693614959717,67.036376953125,7.4900644415684265
7.813706874847412,66.702392578125,7.495924314939577
7.708969593048096,66.36776733398438,7.4982803653564725
7.60303258895874,66.03241729736328,7.499156659872951
7.496219158172607,65.69546508789062,7.499156659872951
7.3883185386657715,65.3578872680664,7.499654068877519
7.279466152191162,65.01964569091797,7.499854518346952
7.1698174476623535,64.68074035644531,7.499854518346952
7.059189319610596,64.3419189453125,7.4999386278735924
6.947854042053223,64.00288391113281,7.499974307694683
6.835743427276611,63.66410446166992,7.499974307694683
6.722989559173584,63.32626724243164,7.499987689168576
6.609770774841309,62.989017486572266,7.499994936802265
6.495812892913818,62.65227508544922,7.55247448320735
6.381315231323242,62.315921783447266,7.55247448320735
6.266285419464111,61.979923248291016,7.6049540296124345
6.150634288787842,61.644325256347656,7.657433576017519
6.0345587730407715,61.308921813964844,7.657433576017519
5.917950630187988,60.97382736206055,7.709913122422604
5.800895690917969,60.63897705078125,7.7623926688276885
5.6833415031433105,60.30387878417969,7.814872215232773
5.565179347991943,59.968570709228516,7.814872215232773
5.446733474731445,59.6334342956543,7.867351761637858
5.327956199645996,59.29844665527344,7.9198313080429426
5.208856105804443,58.96358108520508,7.9198313080429426
5.089616775512695,58.62895584106445,7.972310854448027
4.970107555389404,58.2944221496582,8.024790400853112
4.850493431091309,57.960105895996094,8.077269947258197
4.730834007263184,57.6260871887207,8.077269947258197
4.610881805419922,57.29170608520508,8.129749493663281
4.4907097816467285,56.956851959228516,8.182229040068366
4.3704915046691895,56.62215042114258,8.182229040068366
4.250271797180176,56.28763198852539,8.23470858647345
4.130056381225586,55.953216552734375,8.287188132878535
4.009854793548584,55.61903381347656,8.287188132878535
3.889672040939331,55.2849235534668,8.33966767928362
3.7695136070251465,54.95094680786133,8.392147225688705
3.649428367614746,54.6171875,8.392147225688705
3.529256820678711,54.28311538696289,8.44462677209379
3.408912420272827,53.94852828979492,8.497106318498874
3.288616895675659,53.614017486572266,8.549585864903959
3.168381452560425,53.279624938964844,8.549585864903959
3.0481514930725098,52.945220947265625,8.602065411309043
2.928006172180176,52.61100387573242,8.654544957714128
2.8078699111938477,52.27680206298828,8.707024504119213
2.687760353088379,51.942649841308594,8.707024504119213
2.567730665206909,51.60872268676758,8.759504050524297
2.447612762451172,51.274532318115234,8.811983596929382
2.3273704051971436,50.94000244140625,8.811983596929382
2.2071566581726074,50.605552673339844,8.864463143334467
2.0869784355163574,50.27119445800781,8.916942689739551
1.966800570487976,49.936851501464844,8.969422236144636
1.8466579914093018,49.60259246826172,8.969422236144636
1.7265264987945557,49.26837158203125,9.02190178254972
1.6064029932022095,48.93418502807617,9.074381328954805
1.4863210916519165,48.600074768066406,9.074381328954805
1.3661936521530151,48.265872955322266,9.12686087535989
1.2460048198699951,47.93146896362305,9.179340421764975
1.1258327960968018,47.59709548950195,9.179340421764975
1.0056722164154053,47.2628059387207,9.23181996817006
0.8855162262916565,46.92847442626953,9.284299514575144
0.7653663754463196,46.59421157836914,9.336779060980229
0.6452159285545349,46.25995635986328,9.336779060980229
0.525070071220398,45.92567825317383,9.389258607385313
0.40491586923599243,45.59146499633789,9.441738153790398
0.28475838899612427,45.257198333740234,9.441738153790398
0.16459010541439056,44.92294692993164,9.494217700195483
0.04441434144973755,44.58870315551758,9.546697246600568
-0.0757569819688797,44.25441360473633,9.599176793005652
-0.19593828916549683,43.9201545715332,9.599176793005652
-0.3161165714263916,43.58584976196289,9.651656339410737
-0.43629348278045654,43.251529693603516,9.704135885815822
-0.5564802289009094,42.917213439941406,9.704135885815822
-0.6766456365585327,42.58284378051758,9.756615432220906
-0.7967725992202759,42.24860763549805,9.809094978625991
-0.9168550372123718,41.91443634033203,9.809094978625991
-1.0369328260421753,41.580196380615234,9.861574525031076
-1.1570266485214233,41.24596405029297,9.91405407143616
-1.2771146297454834,40.91163635253906,9.966533617841245
-1.3972135782241821,40.577274322509766,9.966533617841245
-1.5173205137252808,40.242897033691406,10.01901316424633
-1.6374411582946777,39.90837097167969,10.071492710651414
-1.757555603981018,39.57394027709961,10.071492710651414
-1.8775664567947388,39.23971939086914,10.123972257056499
-1.9975305795669556,38.90559768676758,10.176451803461584
-2.1175198554992676,38.57143020629883,10.228931349866668
-2.237497091293335,38.237152099609375,10.228931349866668
-2.3575022220611572,37.9028205871582,10.281410896271753
-2.477512836456299,37.56838607788086,10.333890442676838
-2.597506284713745,37.23387908935547,10.333890442676838
-2.7175519466400146,36.899234771728516,10.386369989081922
-2.8375351428985596,36.5645866394043,10.438849535487007
-2.9573516845703125,36.23033905029297,10.491329081892092
-3.0771067142486572,35.89620590209961,10.491329081892092
-3.1968672275543213,35.56187057495117,10.543808628297176
-3.316622495651245,35.227561950683594,10.596288174702261
-3.4363839626312256,34.89308547973633,10.596288174702261
-3.556147336959839,34.55851364135742,10.648767721107346
-3.6759021282196045,34.223960876464844,10.70124726751243
-3.7956812381744385,33.88916015625,10.70124726751243
-3.915433645248413,33.554443359375,10.753726813917515
-4.035046100616455,33.22004699707031,10.8062063603226
-4.154598712921143,32.88568115234375,10.858685906727684
-4.274170398712158,32.55126953125,10.858685906727684
-4.393703460693359,32.21677780151367,10.911165453132769
-4.513228893280029,31.882234573364258,10.963644999537854
-4.632736682891846,31.547639846801758,10.963644999537854
-4.752193927764893,31.212966918945312,11.016124545942938
-4.871640682220459,30.878271102905273,11.068604092348023
-4.991029262542725,30.54351043701172,11.121083638753108
-5.11030912399292,30.208873748779297,11.121083638753108
-5.229525566101074,29.874313354492188,11.173563185158192
-5.348693370819092,29.539627075195312,11.226042731563277
-5.46782112121582,29.204980850219727,11.226042731563277
-5.586905002593994,28.870290756225586,11.278522277968362
-5.705947399139404,28.535533905029297,11.331001824373446
-5.824968338012695,28.200843811035156,11.383481370778531
-5.943958759307861,27.866079330444336,11.383481370778531
-6.062932014465332,27.531339645385742,11.435960917183616
-6.181918144226074,27.19657325744629,11.4884404635887
-6.300901412963867,26.861711502075195,11.4884404635887
-6.419869899749756,26.52696418762207,11.540920009993785
-6.538827896118164,26.192167282104492,11.59339955639887
-6.657768726348877,25.85738754272461,11.645879102803955
-6.7766900062561035,25.522708892822266,11.645879102803955
-6.895601749420166,25.187936782836914,11.69835864920904
-7.014482021331787,24.853302001953125,11.750838195614124
-7.133339881896973,24.51869010925293,11.750838195614124
-7.252268314361572,24.183807373046875,11.803317742019209
-7.371243953704834,23.848861694335938,11.855797288424293
-7.490185737609863,23.51395034790039,11.855797288424293
-7.609137535095215,23.179107666015625,11.908276834829378
-7.728100299835205,22.844337463378906,11.960756381234463
-7.8470563888549805,22.509620666503906,12.013235927639547
-7.966062545776367,22.174999237060547,12.013235927639547
-8.085081100463867,21.8404598236084,12.065715474044632
-8.204122543334961,21.506053924560547,12.118195020449717
-8.323378562927246,21.171340942382812,12.118195020449717
-8.442817687988281,20.836265563964844,12.065715474044632
-8.562254905700684,20.501501083374023,12.013235927639547
-8.681747436523438,20.166791915893555,11.960756381234463
-8.801299095153809,19.83209228515625,11.960756381234463
-8.920841217041016,19.497724533081055,11.908276834829378
-9.040464401245117,19.163251876831055,11.855797288424293
-9.160088539123535,18.829008102416992,11.855797288424293
-9.279691696166992,18.49504280090332,11.803317742019209
-9.39957046508789,18.160404205322266,11.750838195614124
-9.519670486450195,17.825422286987305,11.750838195614124
-9.639687538146973,17.490711212158203,11.69835864920904
-9.759472846984863,17.156044006347656,11.645879102803955
-9.878753662109375,16.82132339477539,11.59339955639887
-9.997154235839844,16.486515045166016,11.59339955639887
-10.114452362060547,16.151470184326172,11.540920009993785
-10.230304718017578,15.816130638122559,11.4884404635887
-10.3444185256958,15.480352401733398,11.435960917183616
-10.456762313842773,15.143400192260742,11.435960917183616
-10.566975593566895,14.805136680603027,11.383481370778531
-10.674607276916504,14.466456413269043,11.331001824373446
-10.779956817626953,14.127286911010742,11.331001824373446
-10.883413314819336,13.78750991821289,11.278522277968362
-10.98524284362793,13.44760799407959,11.226042731563277
-11.085857391357422,13.107380867004395,11.226042731563277
-11.185566902160645,12.767084121704102,11.173563185158192
-11.284808158874512,12.426634788513184,11.121083638753108
-11.384124755859375,12.085464477539062,11.068604092348023
-11.48373031616211,11.744277000427246,11.068604092348023
-11.583822250366211,11.403404235839844,11.016124545942938
-11.684625625610352,11.06279182434082,10.963644999537854
-11.786276817321777,10.722674369812012,10.963644999537854
-11.889004707336426,10.38280963897705,10.911165453132769
-11.992944717407227,10.04343032836914,10.858685906727684
-12.098291397094727,9.70451831817627,10.8062063603226
-12.205188751220703,9.36611557006836,10.8062063603226
-12.313700675964355,9.028674125671387,10.753726813917515
-12.424139022827148,8.691584587097168,10.70124726751243
-12.536413192749023,8.354938507080078,10.70124726751243
-12.650235176086426,8.018872261047363,10.648767721107346
-12.765524864196777,7.682694435119629,10.596288174702261
-12.881855964660645,7.346954822540283,10.596288174702261
-12.999098777770996,7.011157989501953,10.543808628297176
-13.117049217224121,6.675044536590576,10.491329081892092
-13.234807968139648,6.340571403503418,10.491329081892092
-13.352277755737305,6.007192134857178,10.438849535487007
-13.469937324523926,5.6731157302856445,10.386369989081922
-13.58769416809082,5.338624000549316,10.333890442676838
-13.705540657043457,5.003833293914795,10.333890442676838
-13.82364559173584,4.668494701385498,10.281410896271753
-13.941971778869629,4.332763195037842,10.228931349866668
-14.060615539550781,3.9965405464172363,10.176451803461584
-14.179509162902832,3.66020131111145,10.176451803461584
-14.297893524169922,3.325958728790283,10.123972257056499
-14.415731430053711,2.994103193283081,10.071492710651414
-14.534242630004883,2.6612703800201416,10.071492710651414
-14.653471946716309,2.3275063037872314,10.01901316424633
-14.773045539855957,1.9940874576568604,9.966533617841245
-14.893623352050781,1.6592884063720703,9.91405407143616
-15.014835357666016,1.324361801147461,9.91405407143616
-15.136741638183594,0.9892762303352356,9.861574525031076
-15.260115623474121,0.652155876159668,9.809094978625991
-15.383390426635742,0.3172077536582947,9.809094978625991
-15.505967140197754,-0.014295423403382301,9.756615432220906
-15.62945556640625,-0.34642136096954346,9.704135885815822
-15.753839492797852,-0.6791567206382751,9.704135885815822
-15.878690719604492,-1.0116643905639648,9.651656339410737
-16.004234313964844,-1.3444215059280396,9.599176793005652
-16.130239486694336,-1.6770381927490234,9.546697246600568
-16.256637573242188,-2.0094549655914307,9.546697246600568
-16.38339614868164,-2.3415324687957764,9.494217700195483
-16.510417938232422,-2.6732945442199707,9.441738153790398
-16.638134002685547,-3.0055904388427734,9.441738153790398
-16.767065048217773,-3.33960223197937,9.389258607385313
-16.896472930908203,-3.673917770385742,9.336779060980229
-17.025379180908203,-4.006340026855469,9.284299514575144
-17.15443229675293,-4.338558673858643,9.284299514575144
-17.283308029174805,-4.669897556304932,9.23181996817006
-17.411500930786133,-4.999314785003662,9.179340421764975
-17.540050506591797,-5.329317092895508,9.179340421764975
-17.667421340942383,-5.656548500061035,9.12686087535989
-17.79416847229004,-5.98270320892334,9.074381328954805
-17.924299240112305,-6.317147731781006,9.074381328954805
-18.054899215698242,-6.655337333679199,7.499999999999991
-18.18143653869629,-6.990509986877441,7.417005690567678
-18.305198669433594,-7.325458526611328,7.2113316215516345
-18.428932189941406,-7.6589508056640625,7.2113316215516345
-18.554031372070312,-7.990104675292969,7.007699754548409
-18.532394409179688,-8.205364227294922,6.762021463968877
-18.602415084838867,-8.546030044555664,6.762021463968877
-18.628536224365234,-8.882396697998047,6.474539859556045
-18.594667434692383,-9.19551944732666,6.222196006241737
-18.472537994384766,-9.473775863647461,5.98082730503993
-18.26797103881836,-9.709760665893555,5.824709564706533
-18.00393295288086,-9.88288688659668,5.738122392496422
-17.697940826416016,-9.982827186584473,5.684958187434543
-17.370817184448242,-10.034648895263672,5.6529553682595175
-17.036718368530273,-10.061105728149414,5.63136977406616
-16.698150634765625,-10.073149681091309,5.62237386482818
-16.355396270751953,-10.077421188354492,5.623651854623309
-16.008440017700195,-10.078481674194336,6.289351854623312
-15.6578369140625,-10.079437255859375,6.289351854623312
-15.30259895324707,-10.078575134277344,6.120386054386588
-14.955290794372559,-10.100580215454102,5.985686554153038
-14.637955665588379,-10.175687789916992,5.770887490008615
-14.3555269241333,-10.284818649291992,5.537929555169118
-14.112537384033203,-10.450295448303223,5.369728345866575
-13.923381805419922,-10.704462051391602,5.241113745112716
-13.788692474365234,-11.011006355285645,5.189182431632939
-13.682761192321777,-11.3403959274292,5.179649648938273
-13.578705787658691,-11.674007415771484,5.187610383908206
-13.474494934082031,-12.008598327636719,5.2033599969905975
-13.37448501586914,-12.341011047363281,5.7739599969906
-13.275874137878418,-12.673877716064453,6.439659996990603
-13.176315307617188,-13.010107040405273,6.439659996990603
-13.07781982421875,-13.348363876342773,7.02955203423891
-12.979825019836426,-13.689435958862305,7.269221225122339
-12.882085800170898,-14.03343391418457,7.4053311588373685
-12.784942626953125,-14.379988670349121,7.4053311588373685
-12.687581062316895,-14.72862434387207,7.360717096853657
-12.590831756591797,-15.075000762939453,7.192956176399744
-12.493738174438477,-15.41866683959961,7.02348589649404
-12.394121170043945,-15.762426376342773,7.02348589649404
-12.291727066040039,-16.105331420898438,6.870884109894783
-12.185586929321289,-16.447372436523438,7.114036686932613
-12.075662612915039,-16.788192749023438,7.314168045625428
-11.962471008300781,-17.126794815063477,7.314168045625428
-11.84553050994873,-17.464542388916016,7.23128558790705
-11.726539611816406,-17.800148010253906,7.055219636972966
-11.60572624206543,-18.13427734375,6.895023217883645
-11.481040954589844,-18.471057891845703,6.773417356848046
-11.353096008300781,-18.807912826538086,6.773417356848046
-11.22175407409668,-19.140926361083984,6.836105145596192
-11.084819793701172,-19.47069549560547,7.211812887479137
-10.941204071044922,-19.796621322631836,7.141606538713638
-10.789953231811523,-20.117904663085938,7.141606538713638
-10.630895614624023,-20.435054779052734,6.978392713877119
-10.464855194091797,-20.748291015625,6.824138581293443
-10.292390823364258,-21.058713912963867,6.708282503756732
-10.114133834838867,-21.367237091064453,7.148255123585443
-9.931049346923828,-21.673625946044922,7.148255123585443
-9.744220733642578,-21.97776985168457,7.069948079439531
-9.554006576538086,-22.279983520507812,6.929363820960232
-9.360599517822266,-22.580461502075195,6.794857039909623
-9.164482116699219,-22.879013061523438,6.794857039909623
-8.965144157409668,-23.17584228515625,6.672640003684558
-8.762401580810547,-23.47039794921875,6.696194767116879
-8.556692123413086,-23.761173248291016,6.589871442023351
-8.347114562988281,-24.048566818237305,6.491329171894148
-8.132726669311523,-24.333194732666016,6.405067849933658
-7.913538455963135,-24.614227294921875,6.405067849933658
-7.689324378967285,-24.891578674316406,6.32398554438671
-7.459908485412598,-25.165197372436523,6.255627120298009
-7.2253899574279785,-25.434738159179688,6.814105815882075
-6.985929012298584,-25.700393676757812,7.2168466455850275
-6.742105484008789,-25.961763381958008,7.2168466455850275
-6.494415283203125,-26.21865463256836,7.0160006726230995
-6.242794036865234,-26.471683502197266,6.876025093729932
-5.9873247146606445,-26.721092224121094,6.745505074990686
-5.728396892547607,-26.96702003479004,6.745505074990686
-5.466324806213379,-27.209701538085938,6.816754505898702
-5.2014312744140625,-27.44931411743164,7.20959640073393
-4.9340667724609375,-27.68625831604004,7.012109472958544
-4.664603233337402,-27.92085838317871,7.110224857610912
-4.3936052322387695,-28.15336036682129,7.110224857610912
-4.121458053588867,-28.384193420410156,7.067399102937026
-3.8483057022094727,-28.613861083984375,7.284680703287693
-3.574472427368164,-28.84283447265625,7.411644800708858
-3.300210475921631,-29.071388244628906,7.411644800708858
-3.025707244873047,-29.299753189086914,7.462721186251835
-2.75120210647583,-29.528165817260742,7.482180368081004
-2.4767088890075684,-29.756681442260742,7.482180368081004
-2.20226788520813,-29.985305786132812,7.492694332112144
-1.9279335737228394,-30.213991165161133,7.4969175885935195
-1.653659701347351,-30.442710876464844,7.4969175885935195
-1.3794423341751099,-30.671489715576172,7.498709515820928
-1.1052210330963135,-30.900287628173828,7.499380546746032
-0.8309870958328247,-31.129087448120117,7.499744956148779
-0.5567479133605957,-31.357866287231445,7.499744956148779
-0.28243857622146606,-31.58658218383789,7.4998905288045865
-0.008089691400527954,-31.815223693847656,7.49994744264945
0.2663363218307495,-32.043758392333984,7.49994744264945
0.5408969521522522,-32.27216720581055,7.49997836849747
0.8155680894851685,-32.50044250488281,7.499990721696371
1.090395212173462,-32.72852325439453,7.602217501034318
1.3653602600097656,-32.956390380859375,7.602217501034318
1.640455961227417,-33.184059143066406,7.704444280372265
1.9157079458236694,-33.41151428222656,7.806671059710212
2.191054344177246,-33.6388053894043,7.908897839048159
2.4664835929870605,-33.865970611572266,7.908897839048159
2.7419419288635254,-34.09305953979492,8.011124618386106
3.0174407958984375,-34.32019805908203,8.113351397724053
3.293001651763916,-34.54743194580078,8.113351397724053
3.568453311920166,-34.774749755859375,8.215578177062
3.8438162803649902,-35.002166748046875,8.317804956399947
4.119115352630615,-35.22969436645508,8.317804956399947
4.394272804260254,-35.457313537597656,8.420031735737894
4.669414520263672,-35.68499755859375,8.52225851507584
4.944524765014648,-35.91266632080078,8.624485294413788
5.219627380371094,-36.140235900878906,8.624485294413788
5.494935512542725,-36.36773681640625,8.726712073751735
5.770434379577637,-36.595115661621094,8.828938853089682
6.046085357666016,-36.82221221923828,8.828938853089682
6.321882247924805,-37.049049377441406,8.931165632427629
6.597776412963867,-37.27570343017578,9.033392411765576
6.873739242553711,-37.502193450927734,9.135619191103522
7.149625301361084,-37.728729248046875,9.135619191103522
7.425296783447266,-37.95549011230469,9.23784597044147
7.700603485107422,-38.18266296386719,9.340072749779416
7.975454330444336,-38.41053771972656,9.442299529117363
8.249781608581543,-38.639312744140625,9.442299529117363
8.523347854614258,-38.868995666503906,9.54452630845531
8.796255111694336,-39.099483489990234,9.646753087793257
9.068714141845703,-39.330604553222656,9.646753087793257
9.34085750579834,-39.56203842163086,9.748979867131204
9.613252639770508,-39.793148040771484,9.851206646469151
9.886409759521484,-40.023231506347656,9.851206646469151
10.160816192626953,-40.251590728759766,9.953433425807098
10.437156677246094,-40.477577209472656,10.055660205145045
10.71586799621582,-40.700538635253906,10.157886984482992
10.99717903137207,-40.920013427734375,10.157886984482992
11.281261444091797,-41.13579177856445,10.26011376382094
11.568170547485352,-41.34776306152344,10.362340543158886
11.857736587524414,-41.55620193481445,10.362340543158886
12.149518966674805,-41.76164245605469,10.464567322496833
12.443105697631836,-41.96460723876953,10.56679410183478
12.7381591796875,-42.1656494140625,10.669020881172727
13.034252166748047,-42.365325927734375,10.669020881172727
13.331048011779785,-42.564125061035156,10.771247660510674
13.62823486328125,-42.7623405456543,10.873474439848621
13.925579071044922,-42.96022033691406,10.975701219186568
14.223010063171387,-43.15795135498047,10.975701219186568
14.5205078125,-43.35546112060547,11.077927998524515
14.818222045898438,-43.552589416503906,11.180154777862462
15.11629581451416,-43.749176025390625,11.180154777862462
15.414750099182129,-43.94505310058594,11.28238155720041
15.713739395141602,-44.14002990722656,11.384608336538356
16.01336097717285,-44.33399200439453,11.384608336538356
16.31372833251953,-44.52680969238281,11.486835115876303
16.614974975585938,-44.71832275390625,11.58906189521425
16.91714096069336,-44.90842056274414,11.691288674552197
17.220338821411133,-45.096923828125,11.691288674552197
17.52463150024414,-45.28368377685547,11.793515453890144
17.830123901367188,-45.46861267089844,11.895742233228091
18.13677978515625,-45.65142822265625,11.895742233228091
18.44447135925293,-45.83191680908203,11.997969012566038
18.75351905822754,-46.01009750366211,12.100195791903985
19.064010620117188,-46.18598175048828,11.997969012566038
19.37578773498535,-46.35954666137695,11.997969012566038
19.68896484375,-46.53091812133789,11.895742233228091
20.00328826904297,-46.700321197509766,11.793515453890144
20.318586349487305,-46.86798858642578,11.793515453890144
20.634918212890625,-47.03424835205078,11.691288674552197
20.951751708984375,-47.1992073059082,11.58906189521425
21.268774032592773,-47.36296844482422,11.486835115876303
21.586254119873047,-47.52597427368164,11.486835115876303
21.90415382385254,-47.68849182128906,11.384608336538356
22.222270965576172,-47.850555419921875,11.28238155720041
22.540668487548828,-48.012351989746094,11.28238155720041
22.859298706054688,-48.17387390136719,11.180154777862462
23.178077697753906,-48.3350944519043,11.077927998524515
23.49720001220703,-48.49622344970703,11.077927998524515
23.816303253173828,-48.65705108642578,10.975701219186568
24.134864807128906,-48.817413330078125,10.873474439848621
24.45349884033203,-48.97767639160156,10.771247660510674
24.772438049316406,-49.13799285888672,10.771247660510674
25.091299057006836,-49.29829406738281,10.669020881172727
25.410316467285156,-49.45872116088867,10.56679410183478
25.729394912719727,-49.619300842285156,10.464567322496833
26.04838752746582,-49.780059814453125,10.464567322496833
26.367515563964844,-49.94111633300781,10.362340543158886
26.686508178710938,-50.10247039794922,10.26011376382094
27.005386352539062,-50.264137268066406,10.26011376382094
27.32421112060547,-50.4261589050293,10.157886984482992
27.642715454101562,-50.58845520019531,10.055660205145045
27.961074829101562,-50.75103759765625,10.055660205145045
28.279052734375,-50.9138298034668,9.953433425807098
28.596529006958008,-51.0767707824707,9.851206646469151
28.913768768310547,-51.23996353149414,9.748979867131204
29.230121612548828,-51.40309143066406,9.748979867131204
29.54605484008789,-51.56639862060547,9.646753087793257
29.86290740966797,-51.73081970214844,9.54452630845531
30.179779052734375,-51.89591598510742,9.54452630845531
30.495704650878906,-52.06105041503906,9.442299529117363
30.811161041259766,-52.22673797607422,9.340072749779416
31.126014709472656,-52.3929443359375,9.340072749779416
31.44023895263672,-52.55971908569336,9.23784597044147
31.75418472290039,-52.72750473022461,9.135619191103522
32.06755828857422,-52.89607238769531,9.033392411765576
32.38066864013672,-53.06605911254883,9.033392411765576
32.69407653808594,-53.238243103027344,7.499999999999991
33.007205963134766,-53.4117317199707,7.361122855484456
33.31968307495117,-53.585792541503906,7.154823590798805
33.632896423339844,-53.757530212402344,7.154823590798805
33.95171356201172,-53.916500091552734,6.912911437942583
34.27978515625,-54.049991607666016,6.656334801003414
34.60311508178711,-54.136924743652344,6.364628462330686
34.90501022338867,-54.14640808105469,6.364628462330686
35.19074249267578,-54.072784423828125,6.090451758192437
35.44849395751953,-53.920658111572266,5.9123346546050275
35.650901794433594,-53.686187744140625,5.791597893105678
35.801666259765625,-53.389320373535156,5.73264944428877
35.92351150512695,-53.069557189941406,5.711314922886506
36.03277587890625,-52.75002670288086,5.829437684212532
36.13427734375,-52.426456451416016,6.308091683853761
36.23432922363281,-52.096656799316406,6.856828871745643
36.342002868652344,-51.76483917236328,6.707889704972854
36.46527099609375,-51.43726348876953,6.707889704972854
36.61235046386719,-51.12073516845703,6.538032316416462
36.790489196777344,-50.822914123535156,6.351004808417591
37.00353240966797,-50.553558349609375,6.1475534889566115
37.25141906738281,-50.32023620605469,6.1475534889566115
37.53135299682617,-50.12792205810547,5.958375446816675
37.840553283691406,-49.98045349121094,5.823955774598652
38.169708251953125,-49.878761291503906,5.752484979156055
38.50756072998047,-49.814605712890625,5.725313421042414
38.85113525390625,-49.76340103149414,6.199272897955212
39.19435119628906,-49.70103454589844,6.26990852457543
39.510475158691406,-49.611045837402344,6.26990852457543
39.77568054199219,-49.466064453125,6.09239533343264
40.00090408325195,-49.25284194946289,6.09239533343264
40.180809020996094,-48.98273849487305,5.858718607035231
40.28559875488281,-48.66355895996094,5.547940290080625
40.33528137207031,-48.316673278808594,5.434500981784313
40.372291564941406,-47.96815490722656,5.373280868742009
40.4095458984375,-47.621971130371094,5.353518779209504
40.44594192504883,-47.275047302246094,5.356626066105956
40.480674743652344,-46.925872802734375,5.356626066105956
40.513187408447266,-46.57524871826172,5.554641202046632
40.54290008544922,-46.2236328125,6.220341202046635
40.56940841674805,-45.870140075683594,6.862813792918807
40.5919189453125,-45.51714324951172,6.862813792918807
40.6101188659668,-45.162925720214844,7.270602034903212
40.62384796142578,-44.80359649658203,7.405907423306322
40.63211441040039,-44.44302749633789,7.460664942668576
40.634735107421875,-44.08395767211914,7.460664942668576
40.632564544677734,-43.72541427612305,7.4859527851079815
40.62586975097656,-43.36836242675781,7.4859527851079815
40.614986419677734,-43.012962341308594,7.495028276479627
40.60076141357422,-42.66011047363281,7.4979754808936185
40.58295440673828,-42.308815002441406,7.4979754808936185
40.56086730957031,-41.95454025268555,7.499191368408386
40.53521728515625,-41.59827423095703,7.499722947881801
40.50732421875,-41.243988037109375,7.499722947881801
40.478111267089844,-40.89138412475586,7.268377554000864
40.44682312011719,-40.538597106933594,7.026229484428534
40.40461730957031,-40.18727111816406,7.026229484428534
40.33914566040039,-39.842674255371094,6.7115679730559625
40.23473358154297,-39.52800750732422,6.42425600039389
40.07698059082031,-39.27409362792969,6.42425600039389
39.866294860839844,-39.07592010498047,6.1661825584094405
39.594154357910156,-38.94145965576172,5.987900767549903
39.27143096923828,-38.88724899291992,5.8888507899729206
38.928375244140625,-38.89008712768555,5.847617946931414
38.57844924926758,-38.917327880859375,5.827393781651525
38.23408889770508,-38.941383361816406,6.297071529162932
37.890846252441406,-38.963829040527344,6.168111668958139
37.54315185546875,-38.99090576171875,6.1085046161091885
37.19233703613281,-39.02373504638672,6.260828426516059
36.83903884887695,-39.06076431274414,6.260828426516059
36.484195709228516,-39.10056686401367,6.904612362217484
36.12840270996094,-39.142738342285156,7.249505303179047
35.773033142089844,-39.18630599975586,7.379750974496957
35.420433044433594,-39.23099136352539,7.379750974496957
35.068119049072266,-39.27613830566406,7.45048916916248
34.7144775390625,-39.32080078125,7.479197109159954
34.36103057861328,-39.36495590209961,7.490057005796751
34.00676727294922,-39.407867431640625,7.490057005796751
33.65178298950195,-39.4493293762207,7.495923595158874
33.296546936035156,-39.48942565917969,7.498323355184625
32.94057083129883,-39.527679443359375,7.498323355184625
32.585472106933594,-39.56451416015625,7.499178308716223
32.23093032836914,-39.60023498535156,7.499662947167144
31.875900268554688,-39.63530731201172,7.499858305596142
31.52103042602539,-39.67052459716797,7.499858305596142
31.1657657623291,-39.706058502197266,7.499940193352105
30.810474395751953,-39.74237060546875,7.499974964649115
30.455379486083984,-39.77964782714844,7.499974964649115
30.099742889404297,-39.81779479980469,7.4999880223214115
29.744564056396484,-39.85688400268555,7.49999508017116
29.390106201171875,-39.896183013916016,7.49999508017116
29.03592300415039,-39.93537902832031,8.044998906973563
28.681758880615234,-39.974369049072266,8.590002733775966
28.327001571655273,-40.01250076293945,9.13500656057837
27.972049713134766,-40.049625396728516,9.13500656057837
27.616777420043945,-40.08555603027344,9.680010387380774
27.26099395751953,-40.1202507019043,10.225014214183178
26.905227661132812,-40.154083251953125,10.225014214183178
26.54910659790039,-40.18732452392578,9.680010387380774
26.192951202392578,-40.22089385986328,9.13500656057837
25.83702850341797,-40.25559997558594,8.590002733775966
25.481172561645508,-40.291954040527344,8.590002733775966
25.12607765197754,-40.330909729003906,8.044998906973563
24.771509170532227,-40.372779846191406,7.499995080171159
24.417495727539062,-40.41754913330078,7.499995080171159
24.064363479614258,-40.46526336669922,6.954991253368755
23.711563110351562,-40.515167236328125,6.409987426566351
23.359270095825195,-40.56623840332031,5.8649835997639475
23.006555557250977,-40.61714172363281,5.8649835997639475
22.652402877807617,-40.66644287109375,5.319979772961544
22.297740936279297,-40.71300506591797,7.4999999955449095
21.942611694335938,-40.75525665283203,7.4999999955449095
21.587127685546875,-40.790977478027344,7.2971935896032445
21.231884002685547,-40.816741943359375,7.105259935749845
20.87708854675293,-40.82861328125,6.917754805532444
20.524229049682617,-40.821571350097656,6.917754805532444
20.174423217773438,-40.78960418701172,6.754367428233553
19.82819366455078,-40.730255126953125,6.598596057102329
19.486743927001953,-40.642417907714844,6.45741418860391
19.15106201171875,-40.526641845703125,6.340661855574867
18.821916580200195,-40.38884735107422,6.249890851705411
18.4990234375,-40.2341423034668,6.181705657363727
18.181974411010742,-40.06713104248047,6.181705657363727
17.870763778686523,-39.89198303222656,6.120998990706014
17.5642147064209,-39.71006774902344,6.579395356890045
17.261627197265625,-39.52264404296875,7.042052151845724
16.962261199951172,-39.33092498779297,7.312085779626502
16.664871215820312,-39.13583755493164,7.312085779626502
16.36886215209961,-38.93867874145508,7.213448168757395
16.073223114013672,-38.74024200439453,7.25102419146826
15.777442932128906,-38.54119110107422,7.396886816335313
15.481290817260742,-38.342254638671875,7.396886816335313
15.18416690826416,-38.1435661315918,7.456648519334481
14.886520385742188,-37.945228576660156,7.481707243363261
14.588621139526367,-37.74720001220703,7.481707243363261
14.290763854980469,-37.549381256103516,7.491255883182003
13.993341445922852,-37.35162353515625,7.496415146552937
13.696004867553711,-37.15325927734375,7.496415146552937
13.39932918548584,-36.95416259765625,7.498487511116058
13.103687286376953,-36.754058837890625,7.499277042860863
12.809011459350586,-36.552391052246094,7.499703584182016
12.516029357910156,-36.34898376464844,7.499703584182016
12.225110054016113,-36.14268112182617,7.499874968802151
11.937433242797852,-35.932044982910156,7.340148327684719
11.65443229675293,-35.71562576293945,7.159521478198197
11.377358436584473,-35.490726470947266,7.159521478198197
11.109840393066406,-35.254390716552734,6.971025483102699
10.858158111572266,-35.003395080566406,6.7823570051963955
10.628833770751953,-34.734771728515625,6.630219541717628
10.424062728881836,-34.448463439941406,6.630219541717628
10.245776176452637,-34.14588928222656,6.484218696104826
10.098163604736328,-33.82765197753906,6.351665266567291
9.97646713256836,-33.49642562866211,6.25499540387329
9.870790481567383,-33.157623291015625,6.173553491644718
9.775945663452148,-32.81550598144531,6.113288716836298
9.687868118286133,-32.470970153808594,6.208324654345257
9.604042053222656,-32.12501907348633,6.861857456430415
9.522543907165527,-31.779037475585938,6.861857456430415
9.441250801086426,-31.432817459106445,7.231070398064255
9.360711097717285,-31.087013244628906,7.368115907669759
9.28066635131836,-30.74083709716797,7.445899559605802
9.200592994689941,-30.392475128173828,7.445899559605802
9.121782302856445,-30.04328155517578,7.477748335721538
9.044697761535645,-29.693954467773438,7.489095065751961
8.969847679138184,-29.34427261352539,7.489095065751961
8.897828102111816,-28.994583129882812,7.495526698046027
8.82883071899414,-28.644649505615234,7.498119410923949
8.76383113861084,-28.295570373535156,7.451547253438646
8.702005386352539,-27.946563720703125,7.451547253438646
8.639429092407227,-27.594087600708008,7.226550444630411
8.578943252563477,-27.239858627319336,6.981115002322965
8.543237686157227,-26.89035415649414,6.981115002322965
8.552446365356445,-26.553478240966797,6.698109820147052
8.617271423339844,-26.249048233032227,6.44704273921806
8.746576309204102,-25.98394775390625,6.186260606747569
8.958412170410156,-25.763050079345703,6.015733443606673
9.253326416015625,-25.603355407714844,5.926297024350726
9.583699226379395,-25.493019104003906,5.8745833537934535
9.923969268798828,-25.411983489990234,5.840304818445551
10.268346786499023,-25.34174919128418,6.112877007485166
10.615479469299316,-25.275650024414062,5.996934145695372
10.965373992919922,-25.212764739990234,5.996934145695372
11.31833553314209,-25.152545928955078,5.959808260980451
11.672834396362305,-25.09527587890625,6.426122757369275
12.025716781616211,-25.04076385498047,6.945267284346055
12.377981185913086,-24.98827362060547,7.271497024082378
12.731611251831055,-24.936798095703125,7.271497024082378
13.08602523803711,-24.885997772216797,7.401886221386637
13.44056510925293,-24.8360595703125,7.452894680287525
13.79486083984375,-24.786357879638672,7.480605039569073
14.148613929748535,-24.73666000366211,7.480605039569073
14.501421928405762,-24.686473846435547,7.2564969454662736
14.855072975158691,-24.634193420410156,7.064071227079716
15.211666107177734,-24.578594207763672,6.845120450769966
15.565485000610352,-24.513832092285156,6.845120450769966
15.901867866516113,-24.422075271606445,6.606694170344193
16.20704460144043,-24.28549575805664,6.39286739419625
16.475074768066406,-24.104881286621094,6.191123774470701
16.694660186767578,-23.8771915435791,6.033931432238737
16.851436614990234,-23.58707046508789,5.9336114679054885
16.952041625976562,-23.25191879272461,5.863760572837084
17.015201568603516,-22.906375885009766,5.821001460258343
17.053770065307617,-22.559337615966797,5.7949792507447615
17.077342987060547,-22.209869384765625,5.781624339869521
17.092090606689453,-21.857833862304688,5.965344509322755
17.102741241455078,-21.501789093017578,6.535944509322757
17.11280632019043,-21.143308639526367,6.535944509322757
17.12049102783203,-20.781841278076172,7.083136120215993
17.124893188476562,-20.417680740356445,7.324689669404347
17.12651824951172,-20.057266235351562,7.4137512350162815
17.124469757080078,-19.699905395507812,7.4137512350162815
17.119640350341797,-19.341346740722656,7.464617273972757
17.112289428710938,-18.983421325683594,7.485125092067996
17.10238265991211,-18.62676239013672,7.485125092067996
17.09139060974121,-18.27155303955078,7.493723321922829
17.078475952148438,-17.918418884277344,7.496999685837367
17.063304901123047,-17.56753158569336,7.344119322952047
17.04457664489746,-17.219791412353516,7.344119322952047
17.01313591003418,-16.872299194335938,7.108519878294153
16.954010009765625,-16.52800750732422,6.8759553746907915
16.856918334960938,-16.200172424316406,6.620666776083891
16.71586799621582,-15.904815673828125,6.620666776083891
16.51763153076172,-15.659429550170898,6.383012002048302
16.260364532470703,-15.465023040771484,6.189792146170914
15.959676742553711,-15.31835651397705,6.073020582524001
15.625149726867676,-15.2275390625,5.996940566700508
15.271469116210938,-15.173240661621094,5.950158483866845
14.917141914367676,-15.123882293701172,5.926051212318279
14.565855026245117,-15.07252311706543,6.2838990123871925
14.215106964111328,-15.021289825439453,6.223249807636156
13.863441467285156,-14.973432540893555,6.150608108295058
13.508764266967773,-14.933029174804688,6.150608108295058
13.151786804199219,-14.903594970703125,6.082408984379646
12.796723365783691,-14.889657974243164,6.029063139246164
12.444910049438477,-14.892353057861328,5.994088466747619
12.093206405639648,-14.912101745605469,6.360836693802297
11.740116119384766,-14.948677062988281,6.9731574429079535
11.386713027954102,-14.995685577392578,7.246885109201341
11.03246784210205,-15.048067092895508,7.246885109201341
10.677215576171875,-15.102224349975586,7.395783005266102
10.321096420288086,-15.154333114624023,7.456211322759705
9.964277267456055,-15.20407485961914,7.478526259520525
9.60933780670166,-15.251897811889648,7.478526259520525
9.255887985229492,-15.298592567443848,7.491191213440568
8.901840209960938,-15.34547233581543,7.496283381639739
8.547941207885742,-15.392370223999023,7.496283381639739
8.193695068359375,-15.439554214477539,7.498177355705821
7.839227676391602,-15.486923217773438,7.4992523316603235
7.485252380371094,-15.53412914276123,7.4992523316603235
7.130810737609863,-15.581560134887695,7.499684518420767
6.776949882507324,-15.62874984741211,7.499845314742884
6.423252105712891,-15.675796508789062,7.499936554966161
6.0677103996276855,-15.72301959991455,7.499936554966161
5.7116899490356445,-15.769937515258789,7.499973319273715
5.356481075286865,-15.816671371459961,7.4999868651133355
5.001682281494141,-15.86311149597168,7.4999868651133355
4.647310733795166,-15.909212112426758,7.499994645969613
4.293622970581055,-15.955179214477539,8.195797597162198
3.940263032913208,-16.000747680664062,8.891600548354782
3.5875535011291504,-16.04610824584961,8.891600548354782
3.235708236694336,-16.09122085571289,9.587403499547367
2.881382942199707,-16.136173248291016,10.283206450739952
2.524685859680176,-16.18111801147461,10.283206450739952
2.1697843074798584,-16.22524642944336,9.587403499547367
1.8153835535049438,-16.268592834472656,8.891600548354782
1.4608819484710693,-16.311153411865234,8.195797597162198
1.1076176166534424,-16.352340698242188,8.195797597162198
0.7541863322257996,-16.392417907714844,7.499994645969614
0.40129560232162476,-16.430973052978516,6.80419169477703
0.047884345054626465,-16.467662811279297,6.80419169477703
-0.30716007947921753,-16.502532958984375,6.108388743584446
-0.6612760424613953,-16.5350341796875,5.412585792391862
-1.0151817798614502,-16.565364837646484,5.412585792391862
-1.3686718940734863,-16.593345642089844,7.499999989842775
-1.7207214832305908,-16.618587493896484,7.357348407828392
-2.0727450847625732,-16.641319274902344,7.156492371277819
-2.422856569290161,-16.657283782958984,7.156492371277819
-2.7695913314819336,-16.654958724975586,6.948040914077686
-3.1120638847351074,-16.623214721679688,6.760681549619007
-3.4474904537200928,-16.559425354003906,6.576870673671935
-3.7739953994750977,-16.456825256347656,6.41207416828958
-4.08782434463501,-16.30362892150879,6.279307943486532
-4.385874271392822,-16.108154296875,6.279307943486532
-4.666261196136475,-15.886909484863281,6.165315432137971
-4.925714492797852,-15.644256591796875,6.073353468152023
-5.163944244384766,-15.382976531982422,6.001733221625899
-5.380881309509277,-15.106897354125977,5.952052242273292
-5.578829765319824,-14.81639289855957,5.908886659909779
-5.764098167419434,-14.513812065124512,5.883297664940509
-5.939957618713379,-14.204058647155762,6.453897664940511
-6.111052513122559,-13.889984130859375,7.032639290096412
-6.281485557556152,-13.574182510375977,7.032639290096412
-6.451909065246582,-13.258844375610352,7.307659272969981
-6.6243133544921875,-12.943915367126465,7.417414552229719
-6.796857833862305,-12.629657745361328,7.46034995226083
-6.968279838562012,-12.316856384277344,7.46034995226083
-7.140294075012207,-12.004585266113281,7.483674637721555
-7.311363697052002,-11.691665649414062,7.493140614182123
-7.482692718505859,-11.378765106201172,7.493140614182123
-7.654209613800049,-11.065813064575195,7.496636185537561
-7.824788570404053,-10.75259780883789,7.498620097038076
-7.996440410614014,-10.439571380615234,7.498620097038076
-8.16739273071289,-10.126462936401367,7.49941989240514
-8.338318824768066,-9.813526153564453,7.49975524316985
-8.510775566101074,-9.499831199645996,7.499882981754846
-8.682767868041992,-9.1848783493042,7.499882981754846
-8.855413436889648,-8.870670318603516,7.499950754063261
-9.027604103088379,-8.556488037109375,7.499979217920682
-9.198901176452637,-8.242103576660156,7.499990089072583
-9.370628356933594,-7.928764343261719,7.499990089072583
-9.540693283081055,-7.6147356033325195,11.315036324408132
-9.709835052490234,-7.301199913024902,7.499990089072583
-9.876399993896484,-6.988102912902832,7.499990089072583
-10.038675308227539,-6.669926643371582,7.3863214666432215
-10.196539878845215,-6.346508026123047,7.2171461827593815
-10.342935562133789,-6.020524024963379,7.2171461827593815
-10.47562026977539,-5.691728591918945,7.0324731538067855
-10.592689514160156,-5.359685897827148,6.848023471647133
-10.687931060791016,-5.023126602172852,6.700613443475953
-10.761917114257812,-4.682452201843262,6.548869561010125
-10.813798904418945,-4.33855676651001,6.548869561010125
-10.845291137695312,-3.9902610778808594,6.400900532543803
-10.857237815856934,-3.640244960784912,6.269503472186288
-10.839797973632812,-3.292670249938965,6.1289942709782945
-10.794309616088867,-2.9524426460266113,5.991937916135866
-10.71714973449707,-2.628675937652588,5.867907560356966
-10.58713150024414,-2.326022148132324,5.746902960543837
-10.40198040008545,-2.048576831817627,5.6450626695819235
-10.16636848449707,-1.807648777961731,5.567928486076357
-9.885799407958984,-1.6103346347808838,5.498864571486534
-9.5739107131958,-1.4545955657958984,5.441698903838467
-9.240955352783203,-1.3352539539337158,5.402287106423697
-8.899311065673828,-1.2441753149032593,5.380582174023785
-8.54909610748291,-1.1733274459838867,5.375367219274818
-8.1907320022583,-1.1160643100738525,5.38338507707831
-7.837446689605713,-1.0671820640563965,5.861572751377861
-7.486315727233887,-1.0226112604141235,6.4321727513778635
-7.1336798667907715,-0.9797618389129639,7.0274365442169735
-6.78062629699707,-0.9378424882888794,7.29691807753543
-6.425108909606934,-0.8960182070732117,7.29691807753543
-6.071045875549316,-0.8535692095756531,7.402497918671661
-5.714646339416504,-0.8104662895202637,7.459854885502615
-5.3574018478393555,-0.7667972445487976,7.459854885502615
-5.002577781677246,-0.7228296995162964,7.483132241087093
-4.645691394805908,-0.6784912347793579,7.491937810729985
-4.294001579284668,-0.6342562437057495,7.496680643714095
-3.940673828125,-0.5897997617721558,7.496680643714095
-3.583792209625244,-0.5450229644775391,7.498605324190183
-3.2337000370025635,-0.5007330179214478,7.499316082448194
-2.875511646270752,-0.4558050036430359,7.499719439637742
-2.5213353633880615,-0.411136656999588,7.499719439637742
-2.1719722747802734,-0.3668121099472046,7.499881590273751
-1.8043591976165771,-0.3207000494003296,7.499881590273751
-1.4711987972259521,-0.27766501903533936,5.0
