 x_m, y_m, vx_mps,# s_m, psi_rad, kappa_radpm, ax_mps2
-0.0757058,0.3748194,9.8858452,0,1.7706332,0.000506,0.0113218
-0.5656041,0.2755325,9.8862468,0.4998484,1.7708763,0.000467,0.0113223
-1.0554798,0.1761311,9.8866484,0.9996969,1.7711,0.000428,0.0113228
-1.5453315,0.0766254,9.8870499,1.4995453,1.7713043,0.0003891,0.0113232
-2.0351579,-0.0229743,9.8874515,1.9993937,1.771489,0.0003502,0.0113237
-2.5249577,-0.1226579,9.8878531,2.4992422,1.7716543,0.0003112,0.0113242
-3.0147295,-0.2224151,9.8882547,2.9990906,1.7718001,0.0002723,0.0081353
-3.5045473,-0.3222515,9.8885433,3.498939,1.7719287,0.0002424,0.0080219
-3.9943396,-0.4221445,9.8888275,3.9987875,1.7720425,0.0002128,0.0080221
-4.4841048,-0.5220863,9.8891117,4.4986359,1.7721415,0.0001832,0.0080224
-4.9738441,-0.6220695,9.8893959,4.9984844,1.7722256,0.0001536,0.0080226
-5.4635587,-0.7220868,9.8896801,5.4983328,1.772295,0.000124,0.0080229
-5.9532497,-0.8221309,9.8899644,5.9981812,1.7723496,9.44E-05,0.005842
-6.4430232,-0.9222168,9.8901716,6.4980297,1.772395,8.87E-05,0.0056833
-6.932781,-1.0223222,9.8903728,6.9978781,1.7724383,8.47E-05,0.0056834
-7.4225143,-1.1224441,9.890574,7.4977265,1.7724796,8.07E-05,0.0056835
-7.9122219,-1.2225814,9.8907752,7.997575,1.772519,7.67E-05,0.0056837
-8.4019029,-1.3227328,9.8909763,8.4974234,1.7725563,7.27E-05,0.0056838
-8.8915561,-1.422897,9.8911775,8.9972718,1.7725916,6.87E-05,0.0041926
-9.381318,-1.5231005,9.8913263,9.4971203,1.7726219,5.11E-05,0.004027
-9.8710661,-1.6233142,9.8914687,9.9969687,1.7726427,3.2E-05,0.0040271
-10.360785,-1.7235302,9.8916111,10.4968171,1.7726539,1.29E-05,0.0040271
-10.8504746,-1.8237434,9.8917535,10.9966656,1.7726556,-6.3E-06,0.0040272
-11.340135,-1.923949,9.8918959,11.496514,1.7726477,-2.54E-05,0.0040273
-11.829766,-2.0241421,9.8920384,11.9963624,1.7726302,-4.45E-05,0.0030064
-12.3195357,-2.1243532,9.8921451,12.4962109,1.7726093,-3.51E-05,0.0028537
-12.8092995,-2.2245541,9.8922459,12.9960593,1.7725952,-2.14E-05,0.0028537
-13.2990299,-2.3247428,9.8923467,13.4959078,1.772588,-7.6E-06,0.0028537
-13.7887252,-2.4249223,9.8924475,13.9957562,1.7725876,6.1E-06,0.0028538
-14.2783831,-2.5250957,9.8925484,14.4956046,1.7725941,1.99E-05,0.0028538
-14.7680018,-2.6252662,9.8926492,14.9954531,1.7726074,3.36E-05,0.0021538
-15.2577776,-2.7254764,9.8927257,15.4953015,1.7726209,1.53E-05,0.0020225
-15.7475495,-2.8256897,9.892797,15.9951499,1.7726225,-9.1E-06,0.0020225
-16.2372809,-2.9258924,9.8928684,16.4949984,1.7726118,-3.35E-05,0.0020225
-16.7269727,-3.0260784,9.8929398,16.9948468,1.772589,-5.79E-05,0.0020225
-17.2166255,-3.1262417,9.8930112,17.4946952,1.772554,-8.23E-05,0.0020225
-17.7062399,-3.2263762,9.8930826,17.9945437,1.7725067,-0.0001067,0.0015411
-18.1960361,-3.3265217,9.8931373,18.4943921,1.7724555,-9.1E-05,0.0014334
-18.6858412,-3.4266459,9.8931879,18.9942405,1.7724161,-6.64E-05,0.0014334
-19.1756028,-3.5267443,9.8932384,19.494089,1.7723891,-4.17E-05,0.0014334
-19.6653174,-3.6268224,9.893289,19.9939374,1.7723744,-1.7E-05,0.0014334
-20.1549818,-3.7268859,9.8933395,20.4937858,1.7723721,7.6E-06,0.0014334
-20.6445927,-3.8269404,9.89339,20.9936343,1.7723821,3.23E-05,0.0011015
-21.1343904,-3.9270401,9.8934292,21.4934827,1.772395,9.9E-06,0.0010161
-21.6241967,-4.027144,9.893465,21.9933311,1.7723913,-2.47E-05,0.0010161
-22.1139536,-4.1272315,9.8935008,22.4931796,1.7723703,-5.94E-05,0.0010162
-22.6036657,-4.2272948,9.8935366,22.993028,1.772332,-9.4E-05,0.0010162
-23.0933374,-4.3273258,9.8935724,23.4928765,1.7722763,-0.0001287,0.0010162
-23.5829734,-4.4273167,9.8936082,23.9927249,1.7722033,-0.0001633,0.000786
-24.0728084,-4.5273091,9.8936361,24.4925733,1.7721318,-0.0001014,0.0007202
-24.5626698,-4.627281,9.8936614,24.9924218,1.7721035,-1.17E-05,0.0007202
-25.0524789,-4.7272393,9.8936867,25.4922702,1.7721201,7.79E-05,0.0007202
-25.5422235,-4.8272043,9.893712,25.9921186,1.7721814,0.0001677,0.0007202
-26.031891,-4.9271964,9.8937373,26.4919671,1.7722877,0.0002575,0.0007202
-26.5214693,-5.0272358,9.8937625,26.9918155,1.7724388,0.0003474,0.0005586
-27.0112548,-5.1274006,9.8937823,27.4916639,1.772592,0.0002123,0.0005086
-27.5010473,-5.2276208,9.8938002,27.9915124,1.7726469,7.4E-06,0.0005086
-27.9907734,-5.3278293,9.893818,28.4913608,1.7725994,-0.0001976,0.0005086
-28.480455,-5.4279783,9.8938358,28.9912092,1.7724494,-0.0004028,0.0005086
-28.970114,-5.52802,9.8938537,29.4910577,1.7721968,-0.0006079,0.0005086
-29.4597722,-5.6279066,9.8938715,29.9909061,1.7718417,-0.0008131,0.0003989
-29.9494086,-5.7275875,9.8938857,30.4907545,1.7714314,-0.0007672,0.0003631
-30.439081,-5.8270806,9.8938985,30.990603,1.77108,-0.0006393,0.0003631
-30.9288349,-5.9264272,9.8939113,31.4904514,1.7707926,-0.0005112,0.0003631
-31.4187017,-6.0256665,9.8939242,31.9902999,1.770569,-0.0003831,0.0003631
-31.9087128,-6.1248373,9.893937,32.4901483,1.7704095,-0.0002551,0.0003631
-32.3988997,-6.2239787,9.8939498,32.9899967,1.770314,-0.0001271,0.000271
-32.8879294,-6.3228536,9.8939578,33.4898452,1.7702826,1.7E-06,0.0002393
-33.3767962,-6.4216961,9.8939638,33.9896936,1.7703156,0.0001305,0.0002393
-33.8660972,-6.5206595,9.8939697,34.489542,1.7704128,0.0002586,0.0002393
-34.355959,-6.6198021,9.8939757,34.9893905,1.7705738,0.0003857,0.0002393
-34.8465081,-6.7191824,9.8939817,35.4892389,1.7707984,0.0005114,0.0002393
-35.3378709,-6.8188586,9.8939877,35.9890873,1.771086,0.0006355,0.0001986
-35.8266777,-6.9182058,9.8939944,36.4889358,1.7716652,0.0020645,0.0001821
-36.314919,-7.0179628,9.8940014,36.9887842,1.773179,0.0040077,0.0001821
-36.8038418,-7.1188775,9.8940084,37.4886326,1.7756617,0.0059355,0.0001821
-37.2932851,-7.2214139,9.8940155,37.9884811,1.7791092,0.0078499,0.0001821
-37.7830876,-7.3260358,9.8940225,38.4883295,1.7835179,0.0097527,0.0001821
-38.2730882,-7.4332071,9.8940295,38.9881779,1.7888849,0.0116456,0.0001096
-38.7630122,-7.543317,9.894035,39.4880264,1.7947465,0.0105758,6.49E-05
-39.2525293,-7.65606,9.8940394,39.9878748,1.7993427,0.0077315,6.49E-05
-39.7411905,-7.7706062,9.8940439,40.4877233,1.8025166,0.0049175,6.49E-05
-40.2284823,-7.8860998,9.8940483,40.9875717,1.8042749,0.0020994,6.49E-05
-40.7138911,-8.0016851,9.8940527,41.4874201,1.8046123,-0.0007586,6.49E-05
-41.1969033,-8.1165063,9.8940572,41.9872686,1.8035118,-0.0036937,-0.001586
-41.6865,-8.2319163,9.8939733,42.487117,1.8007067,-0.0080888,-0.0030889
-42.1814586,-8.3464344,9.8937957,42.9869654,1.7951288,-0.0139187,-0.0030888
-42.6731955,-8.456562,9.8936181,43.4868139,1.7865941,-0.0200089,-0.0030888
-43.1618264,-8.5608507,9.8934405,43.9866623,1.7750185,-0.0263856,-0.0030888
-43.6474671,-8.6578521,9.893263,44.4865107,1.7603119,-0.0330689,-0.0030887
-44.1302335,-8.7461179,9.8930854,44.9863592,1.7423803,-0.0400692,-0.0139444
-44.6240007,-8.826241,9.8924764,45.4862076,1.7201252,-0.0496833,-0.0197723
-45.12275,-8.8944418,9.8915778,45.986056,1.6923424,-0.0607242,-0.0197708
-45.6198713,-8.947058,9.8906793,46.4859045,1.6592319,-0.0717178,-0.0197693
-46.1161736,-8.9817078,9.8897808,46.9857529,1.6208845,-0.0823437,-0.0197678
-46.6124655,-8.9960095,9.8888823,47.4856013,1.5775099,-0.0922003,-0.0208578
-47.1095636,-8.987581,9.8879837,47.9854498,1.5294609,-0.1006588,-0.0620949
-47.6079526,-8.9543281,9.8859324,48.4852982,1.4787178,-0.1026987,-0.0620802
-48.1052947,-8.8953453,9.8838313,48.9851466,1.4265148,-0.105941,-0.0620654
-48.5990209,-8.8099992,9.8817302,49.4849951,1.3723699,-0.1103517,-0.0620507
-49.0865622,-8.6976563,9.8796291,49.9848435,1.3158116,-0.1158949,-0.0620359
-49.5653495,-8.5576831,9.877528,50.484692,1.2563843,-0.1225146,-0.0680948
-50.0366172,-8.3879555,9.8758558,50.9845404,1.1933566,-0.1279314,-0.0770237
-50.4993565,-8.1868577,9.8749114,51.4843888,1.1280636,-0.1309782,-0.0770009
-50.9455417,-7.9568796,9.8739671,51.9842373,1.0613745,-0.134815,-0.0769781
-51.3729143,-7.698691,9.8730227,52.4840857,0.9929366,-0.1393807,-0.0769554
-51.7792159,-7.4129615,9.8720784,52.9839341,0.9224252,-0.1445699,-0.0769326
-52.1621881,-7.1003606,9.871134,53.4837826,0.8495595,-0.1502196,-0.0576989
-52.5234811,-6.7578323,9.8693858,53.983631,0.7745866,-0.1502004,-0.0554352
-52.8580778,-6.3893923,9.86759,54.4834794,0.7001145,-0.1488992,-0.0554233
-53.1647104,-5.9968725,9.8657942,54.9833279,0.6263698,-0.1470619,-0.0554115
-53.4425817,-5.5816916,9.8639985,55.4831763,0.5534364,-0.1447837,-0.0553997
-53.6908949,-5.1452682,9.8622027,55.9830247,0.4813701,-0.1421525,-0.0480104
-53.9068611,-4.6936305,9.8598702,56.4828732,0.4110808,-0.1377605,-0.0390513
-54.0902853,-4.2306594,9.8570288,56.9827216,0.3437564,-0.1329017,-0.0390455
-54.2432891,-3.7543061,9.8541875,57.48257,0.2780689,-0.1299489,-0.0390396
-54.3652154,-3.2679073,9.8513461,57.9824185,0.2132415,-0.1288796,-0.0390337
-54.455407,-2.7747995,9.8485047,58.4822669,0.1485002,-0.1296898,-0.0390278
-54.5132066,-2.2783193,9.8456634,58.9821154,0.0830681,-0.1324011,-0.0298659
-54.5381529,-1.7756176,9.8434887,59.4819638,0.0160016,-0.1337816,-0.0287005
-54.5292981,-1.2740669,9.8414528,59.9818122,-0.0514033,-0.1349256,-0.0286973
-54.4867662,-0.7761927,9.8394168,60.4816607,-0.1191387,-0.1361461,-0.0286941
-54.4107448,-0.2837577,9.8373808,60.9815091,-0.1873066,-0.1374291,-0.028691
-54.3014217,0.201475,9.8353449,61.4813575,-0.2560029,-0.138742,-4.1769345
-54.1580787,0.680401,9.8264521,61.981206,-0.3258286,-0.1413508,-10.1584562
-53.9797428,1.1514697,9.7864158,62.4810544,-0.3984913,-0.1474647,-9.7285811
-53.767617,1.606573,9.7463796,62.9809028,-0.4745267,-0.1556656,-9.298706
-53.5218175,2.0416688,9.7063433,63.4807513,-0.5547843,-0.1657543,-8.8688308
-53.2424603,2.4527151,9.6663071,63.9805997,-0.6400185,-0.1773646,-8.4389557
-52.9296616,2.8356699,9.6262708,64.4804481,-0.7308203,-0.1898698,-16.8402199
-52.566165,3.2019762,8.8203714,64.9802966,-0.834243,-0.212688,-14.9238653
-52.1697269,3.522347,7.726537,65.480145,-0.9508965,-0.2467596,-12.8657494
-51.7447031,3.7856631,6.6327026,65.9799934,-1.0851134,-0.2914586,-10.8076335
-51.2952093,3.981073,5.5388683,66.4798419,-1.2404929,-0.3424297,-8.7495176
-50.8253612,4.0977254,4.4450339,66.9796903,-1.4181111,-0.3881571,2.4014689
-50.3382395,4.1269845,4.4064422,67.4795388,-1.5983119,-0.3346982,4.9997944
-49.8440629,4.0748186,4.8733541,67.9793872,-1.7483443,-0.2711498,5.6473754
-49.3538955,3.953991,5.3402659,68.4792356,-1.8726456,-0.22397,6.2949564
-48.8784803,3.7773337,5.8071778,68.9790841,-1.977944,-0.1937884,6.9425374
-48.4285603,3.5576786,6.2740896,69.4789325,-2.0708043,-0.1796163,5.6526964
-47.988104,3.2884465,6.5909681,69.9787809,-2.173723,-0.2384679,5.14934
-47.592316,2.9739321,6.8358932,70.4786294,-2.3194986,-0.3411139,5.4201281
-47.268046,2.6119329,7.0808182,70.9784778,-2.5110687,-0.4427603,5.6909162
-47.0293803,2.1931769,7.3257432,71.4783262,-2.7400557,-0.4914038,5.8870193
-46.8908156,1.7109178,7.5674371,71.9781747,-2.9797258,-0.4426474,3.2011847
-46.8552833,1.2669033,7.7042189,72.4780231,-3.1289989,-0.2436295,3.2742165
-46.8718876,0.7855032,7.8410006,72.9778715,3.0702813,-0.1153209,3.3472484
-46.9189552,0.278254,7.9777824,73.47772,3.0353285,-0.0267853,3.4202803
-46.9748124,-0.2433079,8.1145642,73.9775684,3.0409048,0.0470622,3.4933122
-47.0177859,-0.7676459,8.2513459,74.4774168,3.0854948,0.1244854,1.9594442
-47.0258726,-1.2960527,8.3755847,74.9772653,-3.1090824,0.1942681,-2.7394218
-46.9789101,-1.8411425,8.4632339,75.4771137,-3.0018543,0.1982846,-2.6957341
-46.8785837,-2.3559884,8.5508831,75.9769621,-2.8955753,0.2080237,-2.6520465
-46.7313172,-2.833236,8.6385323,76.4768106,-2.7874512,0.226737,-2.6083588
-46.5435344,-3.2655309,8.7261814,76.976659,-2.6736023,0.2592953,-2.643576
-46.3214168,-3.645878,8.8138306,77.4765075,-2.5484949,0.3137904,-18.8431264
-46.0072833,-4.0325804,7.6154301,77.9763559,-2.3593837,0.4429116,-16.0759349
-45.6389172,-4.3283387,6.4148644,78.4762043,-2.1298802,0.5090225,-13.3087435
-45.2040004,-4.5323307,5.2142986,78.9760528,-1.8933132,0.4549297,-10.541552
-44.6902152,-4.6437345,4.0137328,79.4759012,-1.6866092,0.3281974,1.202771
-44.2197089,-4.6655579,4.0358406,79.9757496,-1.5542308,0.2449956,5.4855897
-43.7533527,-4.6325366,4.5150456,80.4755981,-1.4484879,0.2124765,6.2774511
-43.2645977,-4.5466745,4.9942507,80.9754465,-1.3460422,0.2033848,7.0693125
-42.7686622,-4.4054046,5.4734558,81.4752949,-1.2399514,0.210158,7.861174
-42.2807642,-4.20616,5.9526608,81.9751434,-1.1245323,0.2294687,8.6530354
-41.816122,-3.9463737,6.4318659,82.4749918,-0.9948123,0.2589778,4.7229747
-41.4210836,-3.651992,6.6664913,82.9748402,-0.8670486,0.2503078,3.7064218
-41.0697557,-3.3160957,6.8671277,83.4746887,-0.7503146,0.229816,3.8243109
-40.7543651,-2.9380947,7.0677641,83.9745371,-0.6419608,0.2105667,3.9421999
-40.4761455,-2.5232857,7.2684005,84.4743855,-0.5410232,0.1940003,4.0600889
-40.2363307,-2.0769652,7.4690369,84.974234,-0.4461986,0.1807797,4.177978
-40.0361544,-1.6044299,7.6696734,85.4740824,-0.3560353,0.1710968,3.8767764
-39.8779764,-1.1150641,7.8201992,85.9739309,-0.2698193,0.1634523,2.3078821
-39.7637566,-0.6266603,7.9299135,86.4737793,-0.1905064,0.153211,2.3406942
-39.687169,-0.1285716,8.0396279,86.9736277,-0.1152423,0.1459208,2.3735063
-39.6474265,0.3744588,8.1493423,87.4734762,-0.0428028,0.1416401,2.4063184
-39.6437419,0.8776879,8.2590567,87.9733246,0.0280586,0.140443,2.4391305
-39.6753281,1.3763728,8.368771,88.473173,0.0986204,0.1424868,2.4719426
-39.7413982,1.8657703,8.4743906,88.9730215,0.1702204,0.1480587,2.2134139
-39.8441588,2.3532174,8.5508617,89.4728699,0.2457527,0.1519922,1.6602188
-39.9880543,2.8458913,8.6273328,89.9727183,0.3219119,0.144199,1.674369
-40.1650628,3.3196506,8.7038039,90.4725668,0.3923519,0.1339415,1.6885192
-40.3711908,3.775238,8.7802749,90.9724152,0.4564269,0.1220653,1.7026694
-40.6024449,4.2133962,8.856746,91.4722636,0.5137757,0.1092913,1.7168196
-40.8548317,4.6348681,8.9261674,91.9721121,0.5642536,0.0961405,1.7309698
-41.124358,5.0403965,8.978133,92.4719605,0.6078553,0.0829157,1.2064619
-41.4212588,5.4493926,9.0300985,92.9718089,0.6470846,0.0722222,1.1897166
-41.730984,5.8449721,9.082064,93.4716574,0.680467,0.0604826,1.1962368
-42.0507934,6.2288926,9.1340296,93.9715058,0.7075803,0.0479183,1.2027571
-42.3785261,6.6037446,9.1859951,94.4713543,0.7281981,0.0348225,1.2092773
-42.712021,6.9721184,9.2274602,94.9712027,0.7421811,0.0214176,1.2157975
-43.0491174,7.3366043,9.2620323,95.4710511,0.7494539,0.007866,0.8680869
-43.3904254,7.7023879,9.2966045,95.9708996,0.7517172,0.0020866,0.8251283
-43.7323948,8.0681137,9.3311766,96.470748,0.7515695,-0.0026785,0.8280822
-44.0736732,8.4340831,9.3657487,96.9705964,0.7490336,-0.0074618,0.8310362
-44.4132505,8.8009646,9.4003209,97.4704449,0.744101,-0.0122801,0.8339902
-44.7501168,9.1694269,9.4283631,97.9702933,0.7367577,-0.0171481,0.8369441
-45.083262,9.5401386,9.4523455,98.4701417,0.7269855,-0.022078,0.6141731
-45.4138847,9.9160052,9.476328,98.9699902,0.7160796,-0.0206143,0.5802058
-45.7404276,10.2950453,9.5003105,99.4698386,0.7063963,-0.0180861,0.5816098
-46.0631836,10.6766129,9.5242929,99.969687,0.6979988,-0.0155127,0.5830138
-46.3827703,11.0604267,9.5482754,100.4695355,0.6909008,-0.0129057,0.5844177
-46.6998057,11.4462051,9.5680304,100.9693839,0.6851124,-0.0102757,0.5858217
-47.0149076,11.8336666,9.5847426,101.4692323,0.6806402,-0.0076328,0.4267202
-47.3278983,12.2215888,9.6014548,101.9690808,0.67729,-0.0059143,0.4069229
-47.6399006,12.6106278,9.6181669,102.4689292,0.6747397,-0.0043144,0.4075953
-47.9514074,13.0007667,9.6348791,102.9687777,0.6729844,-0.0027184,0.4082676
-48.2628123,13.3918663,9.6515913,103.4686261,0.6720229,-0.0011304,0.4089399
-48.5745094,13.7837876,9.6653051,103.9684745,0.6718521,0.0004458,0.4096123
-48.8868925,14.1763916,9.6768449,104.468323,0.6724682,0.0020065,0.2972551
-49.1972444,14.5657091,9.6883847,104.9681714,0.6735715,0.0022897,0.2839935
-49.5083222,14.9550254,9.6999245,105.4680198,0.6747451,0.00242,0.284315
-49.820488,15.3447378,9.7114643,105.9678683,0.6759859,0.00255,0.2846365
-50.1337369,15.7347825,9.723004,106.4677167,0.677294,0.0026798,0.284958
-50.4480637,16.1250955,9.7326998,106.9675651,0.6786695,0.0028095,0.2852796
-50.7634632,16.5156128,9.7407015,107.4674136,0.6801124,0.0029394,0.2132196
-51.0780208,16.903943,9.7487031,107.967262,0.6814943,0.0024954,0.1987976
-51.3930451,17.2918593,9.7567048,108.4671104,0.6826029,0.0019427,0.1989532
-51.7086684,17.6797427,9.7647064,108.9669589,0.6834374,0.0013954,0.1991087
-52.0246435,18.0675052,9.7727081,109.4668073,0.6839992,0.0008513,0.1992643
-52.3407234,18.4550592,9.7797599,109.9666557,0.6842892,0.0003082,0.1994199
-52.656661,18.842317,9.785389,110.4665042,0.6843073,-0.000236,0.1567903
-52.9735911,19.23091,9.7910181,110.9663526,0.6839233,-0.0014865,0.1409108
-53.2903091,19.6198363,9.7966472,111.466201,0.6827962,-0.0030104,0.1409883
-53.6059263,20.0086076,9.8022763,111.9660495,0.6809042,-0.0045495,0.1410658
-53.9200732,20.3973731,9.8079054,112.4658979,0.6782419,-0.0061071,0.1411433
-54.2323802,20.786282,9.8130219,112.9657464,0.674803,-0.0076865,0.1412207
-54.5424778,21.1754835,9.8169673,113.4655948,0.67058,-0.0092909,0.1132577
-54.8531797,21.5691865,9.8209127,113.9654432,0.6654835,-0.011088,0.0989176
-55.1624527,21.9656003,9.8248582,114.4652917,0.6594286,-0.0130045,0.0989556
-55.4682126,22.3628325,9.8288036,114.9651401,0.6524214,-0.0149604,0.0989935
-55.7700245,22.7610699,9.832749,115.4649885,0.6444488,-0.0169587,0.0990314
-56.067453,23.1604994,9.8363526,115.964837,0.6354967,-0.019002,0.0990694
-56.360063,23.5613078,9.8391818,116.4646854,0.6255505,-0.0210922,0.0793795
-56.651674,23.9697351,9.8420111,116.9645338,0.614305,-0.0239453,0.0704432
-56.9391613,24.3828159,9.8448403,117.4643823,0.6014401,-0.0271936,0.0704624
-57.2198668,24.7981395,9.8476695,117.9642307,0.586979,-0.0305162,0.0704816
-57.4931065,25.2160302,9.8504988,118.4640791,0.5708987,-0.0339093,0.0705007
-57.7581961,25.6368121,9.8529153,118.9639276,0.5531781,-0.0373655,0.0705199
-58.0144515,26.0608095,9.854822,119.463776,0.5337997,-0.0408732,0.0512946
-58.2646222,26.4940949,9.8567288,119.9636244,0.5136849,-0.0385956,0.0476915
-58.5063442,26.9320526,9.8586355,120.4634729,0.4952593,-0.0350389,0.0477003
-58.7399888,27.3734703,9.8605423,120.9633213,0.4786822,-0.031319,0.047709
-58.9665658,27.8182139,9.862449,121.4631698,0.4640041,-0.0274774,0.0477178
-59.1870852,28.2661494,9.8641045,121.9630182,0.4512625,-0.0235525,0.047039
-59.4023684,28.7167432,9.8656516,122.4628666,0.4404899,-0.0196284,0.0399566
-59.6116904,29.1661329,9.8671987,122.9627151,0.4316113,-0.0161888,0.0399627
-59.8179375,29.6183798,9.8687458,123.4625635,0.4244213,-0.0127445,0.0399688
-60.0220013,30.0734655,9.8702929,123.9624119,0.4189207,-0.0093204,0.039975
-60.2247732,30.5313716,9.87184,124.4622604,0.4151026,-0.0059392,0.0399811
-60.4271448,30.9920796,9.8729676,124.9621088,0.4129526,-0.0026213,0.036612
-60.6282334,31.4515177,9.874052,125.4619572,0.4124366,0.0004343,0.0277973
-60.8259331,31.902984,9.8751364,125.9618057,0.4132711,0.0029373,0.0278003
-61.0254839,32.3568842,9.8762208,126.4616541,0.4153327,0.0053628,0.0278032
-61.2275011,32.8130895,9.8773052,126.9615025,0.4185974,0.0077075,0.0278062
-61.4325999,33.2714712,9.8783896,127.461351,0.4230397,0.0099682,0.0278092
-61.6413957,33.7319003,9.8790001,127.9611994,0.428633,0.0121415,0.024864
-61.8524454,34.1898344,9.8795717,128.4610478,0.4351671,0.0125541,0.0171392
-62.0622812,34.6379367,9.8801433,128.9608963,0.4404088,0.0086635,0.0171403
-62.2752461,35.0876733,9.8807149,129.4607447,0.443781,0.0049136,0.0171415
-62.4903169,35.5389916,9.8812865,129.9605932,0.4453221,0.0012689,0.0171426
-62.7064703,35.9918388,9.8818581,130.4604416,0.4450596,-0.0023043,0.0171437
-62.9226831,36.4461622,9.8821149,130.96029,0.4430098,-0.0058384,0.0158533
-63.1377085,36.9014337,9.8822349,131.4601385,0.4391783,-0.0097072,-0.0039791
-63.3471748,37.3510058,9.8823549,131.9599869,0.4321034,-0.0188045,-0.0039791
-63.5527602,37.8032228,9.8824749,132.4598353,0.4205267,-0.0277747,-0.003979
-63.7525597,38.2593263,9.8825949,132.9596838,0.4045022,-0.0365415,-0.0039789
-63.9446686,38.7205576,9.8827149,133.4595322,0.384113,-0.0450077,-0.0039789
-64.1271819,39.1881584,9.8816524,133.9593806,0.3594791,-0.0530524,-0.0039788
-64.2981948,39.6633699,9.8782587,134.4592291,0.3307665,-0.0605303,-0.0610011
-64.4534069,40.1393209,9.874865,134.9590775,0.2995362,-0.063127,-0.0811868
-64.5935042,40.6199902,9.8714713,135.4589259,0.2675335,-0.0648381,-0.0811615
-64.718249,41.1063776,9.8680776,135.9587744,0.2343776,-0.0673524,-0.0811363
-64.826461,41.5967222,9.8646839,136.4586228,0.1997504,-0.0707023,-0.081111
-64.9169598,42.0892633,9.8612902,136.9584712,0.1633194,-0.0749415,-0.0810857
-64.9885649,42.5822399,9.077729,137.4583197,0.1247326,-0.0801421,-7.5847945
-65.0420918,43.0981248,8.1973593,137.9581681,0.0813251,-0.0891627,-25.5858606
-65.0728735,43.6698731,7.3169896,138.4580165,0.0239063,-0.1138374,-22.5928642
-65.0670438,44.2175737,6.4366199,138.957865,-0.0491333,-0.1573293,-19.5998678
-65.0187747,44.7251979,5.5562502,139.4577134,-0.1470541,-0.2354918,-16.6068715
-64.9222382,45.1767171,5.0357591,139.9575619,-0.2852484,-0.3803173,-13.6138751
-64.7716063,45.5561027,5.4978956,140.4574103,-0.4885014,-0.6436499,0.4785743
-64.5046479,45.9060272,5.960032,140.9572587,-0.8267211,-0.8109868,3.8077429
-64.1308171,46.1474655,6.4221685,141.4571072,-1.1516249,-0.6002041,4.0774618
-63.6668867,46.2901569,6.884305,141.9569556,-1.3699214,-0.3154689,4.3471808
-63.1192983,46.3637534,7.070993,142.456804,-1.4876653,-0.1316459,4.50516
-62.6010656,46.3932796,7.2518017,142.9566525,-1.5364898,-0.0888206,4.6683215
-62.127885,46.3988649,7.4326104,143.4565009,-1.5829853,-0.107747,4.9156996
-61.6329488,46.378759,7.6134191,143.9563493,-1.6415869,-0.1293026,5.1630776
-61.1262471,46.3249245,7.7942278,144.4561978,-1.7138999,-0.1552009,5.4104556
-60.6177699,46.2293245,7.9750365,144.9560462,-1.8020645,-0.1863303,5.6578337
-60.1175071,46.0839217,8.0774693,145.4558946,-1.9083643,-0.2221581,4.1423019
-59.6551216,45.8909299,8.1756693,145.9557431,-2.0240117,-0.2232956,2.8847743
-59.2281237,45.6546241,8.2738693,146.4555915,-2.1262348,-0.1955266,2.9416661
-58.820871,45.3750985,8.3720693,146.9554399,-2.2162232,-0.1691772,2.9985579
-58.4336499,45.0582776,8.4702693,147.4552884,-2.2948926,-0.1458382,3.0554497
-58.0667465,44.7100855,8.5684694,147.9551368,-2.3635061,-0.1260283,3.1123415
-57.7204472,44.3364464,8.650723,148.4549853,-2.4234074,-0.1096639,3.0540429
-57.3952093,43.9435027,8.7137662,148.9548337,-2.4758447,-0.0963008,1.9188386
-57.092155,43.5385881,8.7768094,149.4546821,-2.5212198,-0.0830583,1.9391345
-56.8072834,43.122693,8.8398525,149.9545306,-2.5597177,-0.0696545,1.9594304
-56.5381054,42.6985494,8.9028957,150.454379,-2.5913447,-0.0562541,1.9797263
-56.2821322,42.2688893,8.9659388,150.9542274,-2.616137,-0.0428733,2.0000222
-56.0368747,41.8364447,9.028982,151.4540759,-2.6341151,-0.0294057,2.0203181
-55.799844,41.4039479,9.0735765,151.9539243,-2.6452471,-0.0156451,1.6509808
-55.5615907,40.9609197,9.1167505,152.4537727,-2.6505441,-0.0084228,1.3733342
-55.3227288,40.512119,9.1599246,152.9536212,-2.6542676,-0.0061942,1.3824101
-55.0876632,40.0670988,9.2030987,153.4534696,-2.6567928,-0.0038133,1.3914861
-54.8555085,39.6255514,9.2462727,153.953318,-2.6580747,-0.0013027,1.400562
-54.625379,39.187169,9.2894468,154.4531665,-2.6580769,0.0013118,1.4096379
-54.3963891,38.7516441,9.3227641,154.9530149,-2.6567728,0.0040009,1.2446551
-54.1648547,38.3133783,9.3527765,155.4528633,-2.6541893,0.005915,0.9767915
-53.928551,37.8692262,9.3827888,155.9527118,-2.6510533,0.0065526,0.9810544
-53.6916366,37.4274382,9.4128012,156.4525602,-2.6476086,0.0071908,0.9853174
-53.4538921,36.9879072,9.4428135,156.9524087,-2.6438562,0.0078273,0.9895804
-53.2150977,36.5505261,9.4728259,157.4522571,-2.639798,0.0084595,0.9938433
-52.9750339,36.1151877,9.4959628,157.9521055,-2.6354366,0.0090851,0.8768024
-52.7324231,35.6798877,9.5168973,158.451954,-2.6308224,0.0090138,0.6918639
-52.4866139,35.243448,9.5378319,158.9518024,-2.6265949,0.0078627,0.6938996
-52.2394201,34.8085612,9.5587664,159.4516508,-2.622953,0.0066955,0.6959353
-51.9910383,34.3749691,9.579701,159.9514993,-2.6199017,0.0055149,0.697971
-51.7416653,33.9424135,9.6006355,160.4513477,-2.6174451,0.0043238,0.7000067
-51.491498,33.510636,9.6163015,160.9511961,-2.6155863,0.003125,0.6014335
-51.2405945,33.0791493,9.6308317,161.4510446,-2.6142694,0.0024185,0.4858302
-50.9890229,32.647727,9.6453619,161.950893,-2.6130943,0.0022871,0.4868011
-50.7369174,32.2165215,9.6598921,162.4507414,-2.6119851,0.0021537,0.4877721
-50.4842498,31.7854199,9.6744223,162.9505899,-2.6109426,0.0020187,0.488743
-50.2309921,31.3543093,9.6889524,163.4504383,-2.6099673,0.0018822,0.4897139
-49.9771164,30.9230766,9.6994605,163.9502867,-2.6090598,0.0017446,0.4079421
-49.7237424,30.493579,9.7094874,164.4501352,-2.608075,0.0027188,0.337899
-49.4704131,30.065498,9.7195144,164.9499836,-2.606247,0.004627,0.3383582
-49.215616,29.6371903,9.7295413,165.449832,-2.6034708,0.0065081,0.3388174
-48.9588184,29.2086918,9.7395683,165.9496805,-2.5997567,0.0083541,0.3392766
-48.6994877,28.7800386,9.7495952,166.4495289,-2.5951176,0.0101569,0.3397358
-48.4370913,28.3512668,9.7566653,166.9493774,-2.589569,0.0119086,0.2781654
-48.1732756,27.9259477,9.763466,167.4492258,-2.5829162,0.0155024,0.2308618
-47.9069628,27.5039557,9.7702668,167.9490742,-2.5739238,0.0205399,0.2310729
-47.6357492,27.0838151,9.7770676,168.4489227,-2.5623847,0.0256189,0.231284
-47.3588809,26.6667498,9.7838683,168.9487711,-2.5482714,0.0307831,0.2314951
-47.0756037,26.2539835,9.7906691,169.4486195,-2.5315431,0.0360696,0.2317062
-46.7851637,25.8467402,9.7953453,169.948468,-2.5121478,0.0415072,0.1902867
-46.4847368,25.4435143,9.7996596,170.4483164,-2.4899762,0.0462817,0.1496058
-46.1737261,25.0457874,9.803974,170.9481648,-2.4655511,0.0505287,0.1496935
-45.8539195,24.6576104,9.8082884,171.4480133,-2.4389965,0.0551284,0.1497812
-45.5251322,24.2803092,9.8126028,171.9478617,-2.4101775,0.0601081,0.149869
-45.1871794,23.9152097,9.8169172,172.4477101,-2.3789523,0.0654877,0.1499567
-44.8398763,23.5636379,9.8199127,172.9475586,-2.3451757,0.0712758,0.1238757
-44.47432,23.2189418,9.8227176,173.447407,-2.3082677,0.0740418,0.1003076
-44.0911795,22.883827,9.8255225,173.9472554,-2.2705915,0.0740354,0.1003468
-43.699262,22.5661848,9.8283274,174.4471039,-2.2331752,0.0743499,0.100386
-43.2997161,22.2663637,9.8311323,174.9469523,-2.1958816,0.0750195,0.1004252
-42.89369,21.9847125,9.8338394,175.4468008,-2.1585635,0.0760825,0.1004643
-42.4823321,21.7215802,9.8360115,175.9466492,-2.1210622,0.0775822,0.0809162
-42.0456217,21.4654025,9.8381836,176.4464976,-2.0814846,0.0785356,0.076323
-41.5995817,21.2270353,9.8403557,176.9463461,-2.0416717,0.0788093,0.0763456
-41.1492132,21.0088349,9.8425278,177.4461945,-2.0022737,0.078543,0.0763682
-40.6945968,20.8101371,9.8446998,177.9460429,-1.9634784,0.0777476,0.0763908
-40.2358129,20.6302778,9.8462981,178.4458914,-1.9254633,0.0764491,0.0653542
-39.7713942,20.4681195,9.8477247,178.9457398,-1.8877938,0.0791786,0.0506078
-39.2999564,20.3239285,9.8491514,179.4455882,-1.8468036,0.086864,0.0506177
-38.8216137,20.1997451,9.850578,179.9454367,-1.8022981,0.092923,0.0506276
-38.3344042,20.0969277,9.8520046,180.4452851,-1.7549196,0.0969955,0.0506375
-37.8363662,20.0168346,9.8530374,180.9451335,-1.7054211,0.0988523,0.0478172
-37.3292456,19.9611363,9.8535455,181.444982,-1.6549989,0.0982101,0.0185714
-36.8478261,19.9318278,9.8540535,181.9448304,-1.6084597,0.0950032,0.0185728
-36.3565511,19.924702,9.8545616,182.4446788,-1.5622951,0.0931056,0.0185741
-35.8576753,19.9404982,9.8550697,182.9445273,-1.516055,0.0923406,0.0185754
-35.353453,19.9799554,9.8555778,183.4443757,-1.4693289,0.0925734,0.0185768
-34.8461387,20.0438128,9.8557833,183.9442242,-1.4217379,0.0936987,0.015759
-34.3423523,20.1319297,9.8558,184.4440726,-1.3734729,0.0939269,0.0083829
-33.8515883,20.2420203,9.8558166,184.943921,-1.3270139,0.0910859,0.0083832
-33.3652709,20.3748401,9.8558333,185.4437695,-1.2814542,0.0899196,0.0083835
-32.8862999,20.5293122,9.85585,185.9436179,-1.2361449,0.090404,0.0083837
-32.4175751,20.7043599,9.8558667,186.4434663,-1.1904342,0.0925925,0.008384
-31.9619964,20.8989064,9.8563009,186.9433148,-1.1436455,0.0966222,0.0115056
-31.5140292,21.1162182,9.8569972,187.4431632,-1.0942215,0.1008424,0.0195967
-31.063693,21.3636859,9.8576934,187.9430116,-1.0424563,0.1004815,0.0195981
-30.6334441,21.6296552,9.8583896,188.4428601,-0.9918772,0.0993627,0.0195996
-30.2227432,21.9127879,9.8590859,188.9427085,-0.9427273,0.0975655,0.0196011
-29.8310506,22.2117457,9.8597882,189.4425569,-0.8952111,0.0951864,0.0196026
-29.4578269,22.5251906,9.8611889,189.9424054,-0.8494922,0.0923313,0.0331478
-29.0946888,22.8592907,9.8625896,190.4422538,-0.8049491,0.0875602,0.0396997
-28.7446601,23.2104364,9.8639903,190.9421022,-0.7632655,0.0802526,0.0397058
-28.4088714,23.5751852,9.865391,191.4419507,-0.7256391,0.0712997,0.0397119
-28.08451,23.9535575,9.8667918,191.9417991,-0.6925784,0.0612437,0.0397179
-27.7687633,24.345574,9.8681144,192.4416476,-0.6644147,0.0506257,0.0396517
-27.4639826,24.7443462,9.8693774,192.941496,-0.6415754,0.0414673,0.0394404
-27.178199,25.1347492,9.8706405,193.4413444,-0.6225593,0.0372047,0.0394464
-26.8952084,25.5364309,9.8719035,193.9411929,-0.6052625,0.0332598,0.0394523
-26.6146755,25.9488899,9.8731665,194.4410413,-0.5895959,0.0296106,0.0394583
-26.3362647,26.3716248,9.8744295,194.9408897,-0.5754752,0.0262339,0.0394643
-26.0596406,26.8041344,9.8754543,195.4407382,-0.5628214,0.0231065,0.0355473
-25.7916405,27.2342437,9.87637,195.9405866,-0.5519782,0.0189792,0.0304453
-25.534013,27.6565916,9.8772856,196.440435,-0.5439233,0.0136659,0.0304489
-25.2771017,28.0842796,9.8782013,196.9402835,-0.5383528,0.0087197,0.0304524
-25.020629,28.5154943,9.879117,197.4401319,-0.5351683,0.0040064,0.030456
-24.7643173,28.9484223,9.8800327,197.9399803,-0.534313,-0.0005972,0.0304595
-24.507889,29.3812503,9.8808103,198.4398288,-0.5357704,-0.0052088,0.0272972
-24.2494654,29.8148347,9.8814163,198.9396772,-0.5396397,-0.0106965,0.0176706
-23.9851986,30.2526621,9.8820222,199.4395256,-0.5471523,-0.0187577,0.0176718
-23.7188162,30.6845989,9.8826281,199.9393741,-0.558809,-0.0272853,0.017673
-23.4491305,31.1086843,9.8832341,200.4392225,-0.5747888,-0.0364408,0.0176742
-23.1749536,31.5229579,9.88384,200.9390709,-0.5953221,-0.0463887,0.0176754
-22.8950976,31.9254589,9.883921,201.4389194,-0.6206874,-0.0572886,0.0070802
-22.6041177,32.3198069,9.8835159,201.9387678,-0.6517423,-0.070376,-0.0322838
-22.2879785,32.7179111,9.8831107,202.4386163,-0.6920646,-0.0883805,-0.0322798
-21.9588987,33.0963515,9.8827056,202.9384647,-0.7409442,-0.106517,-0.0322758
-21.6135585,33.4533096,9.8823004,203.4383131,-0.7982025,-0.1238001,-0.0322718
-21.2486384,33.7869672,9.8816251,203.9381616,-0.8632868,-0.1389293,-0.0322678
-20.8608188,34.0955059,9.8789828,204.43801,-0.9351882,-0.1504452,-0.054589
-20.4523747,34.3737656,9.8763406,204.9378584,-1.0099912,-0.1473298,-0.0716628
-20.0237182,34.6221334,9.8736983,205.4377069,-1.0805406,-0.1379229,-0.0716431
-19.5749317,34.8424635,9.871056,205.9375553,-1.1477469,-0.1313434,-0.0716234
-19.1100466,35.0337802,9.8684138,206.4374037,-1.2126984,-0.1274582,-0.0716037
-18.6330945,35.1951076,9.8655227,206.9372522,-1.2764564,-0.1261939,-0.071584
-18.1481068,35.3254699,9.8623731,207.4371006,-1.3400736,-0.1275624,-0.0562994
-17.6426586,35.4267878,9.8592234,207.936949,-1.4056976,-0.1262995,-0.052295
-17.1328741,35.4948336,9.8560738,208.4367975,-1.4704739,-0.1259498,-0.0522844
-16.6273075,35.5294062,9.8529241,208.9366459,-1.534748,-0.1281386,-0.0522739
-16.1302319,35.5313138,9.8497745,209.4364943,-1.5995944,-0.1332791,-0.0522634
-15.6459201,35.5013647,9.8477119,209.9363428,-1.6662188,-0.1419681,-0.0497305
-15.1647806,35.4380399,9.8457301,210.4361912,-1.7381958,-0.1554874,-0.0422911
-14.6652174,35.3324023,9.8437484,210.9360397,-1.8213712,-0.1694706,-0.0422842
-14.1880018,35.1880979,9.8417666,211.4358881,-1.9081949,-0.1776231,-0.0422773
-13.7307379,35.0047198,9.8397848,211.9357365,-1.9962668,-0.1785316,-0.0422704
-13.2910296,34.7818612,9.8381615,212.435585,-2.0829866,-0.1720199,-0.0383861
-12.8746597,34.5246381,9.8365877,212.9354334,-2.1644244,-0.1607339,-0.0295684
-12.4897054,34.2432717,9.8350138,213.4352818,-2.2387187,-0.1508013,-0.029565
-12.1177416,33.9274855,9.83344,213.9351303,-2.3098456,-0.1407263,-0.0295616
-11.759661,33.5778745,9.8318661,214.4349787,-2.3777816,-0.1308126,-0.0295582
-11.4163568,33.1950335,9.8326385,214.9348271,-2.4425775,-0.1212803,-0.0277043
-11.0895808,32.7807178,9.8354088,215.4346756,-2.5041756,-0.1119787,0.0647648
-10.8195701,32.3968161,9.838179,215.934524,-2.5513283,-0.0894471,0.064781
-10.5594948,31.9914089,9.8409493,216.4343724,-2.589476,-0.0694504,0.0647973
-10.3070157,31.5668146,9.8437196,216.9342209,-2.6193298,-0.0518668,0.0648135
-10.0597932,31.1253515,9.8464898,217.4340693,-2.6415654,-0.0364093,0.0648297
-9.8154881,30.6693378,9.848063,217.9339177,-2.6567816,-0.0227317,0.0648459
-9.5717607,30.2010919,9.8480551,218.4337662,-2.6654838,-0.0104891,0.0222283
-9.3409558,29.7520912,9.8480473,218.9336146,-2.66657,0.0067114,0.017192
-9.1080939,29.3028135,9.8480395,219.4334631,-2.6587957,0.0239839,0.0171931
-8.8691873,28.8552973,9.8480316,219.9333115,-2.6421713,0.0417292,0.0171942
-8.6219685,28.4149191,9.8480238,220.4331599,-2.6163176,0.0610274,0.0171954
-8.3641704,27.9870549,9.848016,220.9330084,-2.5804978,0.082961,0.0171965
-8.0935257,27.5770813,9.8459528,221.4328568,-2.5336318,0.1086144,-4.457995
-7.7896551,27.1673659,9.8435602,221.9327052,-2.4713736,0.1287895,-13.0081706
-7.4308215,26.7466188,9.8411675,222.4325537,-2.3990871,0.1335286,-12.2956965
-7.0580091,26.3688239,9.8387748,222.9324021,-2.3255986,0.1446591,-11.5832223
-6.6782908,26.0378579,9.8363822,223.4322505,-2.2481071,0.1650174,-10.8707481
-6.2987394,25.7575977,9.8340687,223.932099,-2.1628417,0.1997379,-10.1582739
-5.9264275,25.5319199,9.8320605,224.4319474,-2.0643932,0.2583113,1.3804494
-5.481944,25.3322702,9.8300524,224.9317958,-1.9127618,0.3630091,4.3009132
-5.0231882,25.2148129,9.8280442,225.4316443,-1.7269799,0.4017194,4.431287
-4.5491668,25.1840998,9.826036,225.9314927,-1.5500684,0.3271176,4.5616609
-4.0365768,25.2325925,9.8249294,226.4313411,-1.4135144,0.2046364,3.2779978
-3.5622072,25.3284882,9.8238648,226.9311896,-1.3344467,0.1393116,2.1541921
-3.1310386,25.4459629,9.8228002,227.431038,-1.2763806,0.1225824,2.1810306
-2.6761067,25.5982551,9.8217356,227.9308864,-1.2197858,0.1145286,2.2078691
-2.2049398,25.7863105,9.820671,228.4307349,-1.1625066,0.112042,2.2347077
-1.7250665,26.0110753,9.8196064,228.9305833,-1.1028795,0.1135428,2.2615462
-1.2440152,26.2734954,9.8188302,229.4304318,-1.0395045,0.1181747,1.8653322
-0.7956723,26.5565134,9.8181198,229.9302802,-0.9757836,0.1193809,1.3907937
-0.3885801,26.8500449,9.8174093,230.4301286,-0.9165697,0.1172014,1.400565
0.003695,27.1698293,9.8166988,230.9299771,-0.857005,0.1187543,1.4103364
0.3765124,27.5131626,9.8159884,231.4298255,-0.795646,0.1239566,1.4201078
0.7252314,27.877341,9.8152779,231.9296739,-0.7310282,0.1329881,1.4298792
1.0452113,28.2596604,9.8145674,232.4295224,-0.6616016,0.1462472,1.4396506
1.3318114,28.6574168,9.8139749,232.9293708,-0.5856847,0.1642869,1.2470312
1.5921453,29.0892008,9.8134183,233.4292192,-0.4982377,0.1789944,1.0834796
1.8160653,29.5508501,9.8128617,233.9290677,-0.4043169,0.186786,1.0888863
1.991894,30.0226856,9.8123051,234.4289161,-0.3085623,0.1931574,1.0942929
2.1195968,30.5023911,9.8117484,234.9287645,-0.2114035,0.1978413,1.0996996
2.1991392,30.9876499,9.8111918,235.428613,-0.1133125,0.200632,1.1051062
2.2304864,31.4761457,9.8111797,235.9284614,-0.0147904,0.2014049,1.0274606
2.2135822,31.9659308,9.8123224,236.4283098,0.0834649,0.1953167,0.7325808
2.1496991,32.4556706,9.8134651,236.9281583,0.1739634,0.1711501,0.7349165
2.0437319,32.9418164,9.8146078,237.4280067,0.2533783,0.1483523,0.7372522
1.9010246,33.422154,9.8157505,237.9278552,0.322501,0.1279432,0.7395878
1.7269211,33.894469,9.8168932,238.4277036,0.3823376,0.1102117,0.7419235
1.5267654,34.3565473,9.8180359,238.927552,0.4339184,0.0950207,0.7442591
1.3059015,34.8061745,9.8213954,239.4274005,0.4781878,0.0820198,0.588746
1.0633597,35.252213,9.8247865,239.9272489,0.5169316,0.0704195,0.575257
0.8070827,35.6860033,9.8281775,240.4270973,0.5492173,0.0575158,0.5766379
0.5403453,36.1091383,9.8315686,240.9269458,0.5745449,0.0435997,0.5780187
0.2658915,36.5242348,9.8349597,241.4267942,0.5926338,0.0289991,0.5793995
-0.0135344,36.9339093,9.8383508,241.9266426,0.6033026,0.0139685,0.5807803
-0.2951883,37.3407785,9.8411489,242.4264911,0.6064453,-0.0012946,0.4452398
-0.579374,37.7513448,9.8438372,242.9263395,0.6043471,-0.0043246,0.4060242
-0.8633154,38.1634455,9.8465255,243.4261879,0.6023231,-0.0037636,0.4066939
-1.1462913,38.5758047,9.8492138,243.9260364,0.6005815,-0.003201,0.4073636
-1.4284147,38.9883352,9.851902,244.4258848,0.5991226,-0.0026366,0.4080334
-1.7097988,39.4009499,9.8545903,244.9257332,0.5979471,-0.0020704,0.4087031
-1.9905565,39.8135616,9.856657,245.4255817,0.5970555,-0.0015023,0.3205107
-2.2716624,40.2274083,9.8585488,245.9254301,0.5961832,-0.0024075,0.2851628
-2.5524138,40.6418101,9.8604405,246.4252786,0.5946023,-0.0039104,0.2854871
-2.8321391,41.0564423,9.8623323,246.925127,0.5922693,-0.0054194,0.2858114
-3.1105227,41.4715073,9.8642241,247.4249754,0.5891825,-0.0069345,0.2861357
-3.3872492,41.8872073,9.8661158,247.9248239,0.5853401,-0.0084556,0.2864599
-3.6620027,42.3037447,9.8675846,248.4246723,0.5807401,-0.0099827,0.2286724
-3.9352357,42.7224348,9.8689074,248.9245207,0.5757051,-0.0095193,0.2014235
-4.2066353,43.1426655,9.8702302,249.4243692,0.5712959,-0.0081069,0.2015833
-4.4761754,43.5637529,9.871553,249.9242176,0.5675974,-0.0066869,0.201743
-4.7441829,43.9855444,9.8728758,250.424066,0.5646118,-0.0052609,0.2019028
-5.0109851,44.407887,9.8741986,250.9239145,0.5623409,-0.0038302,0.2020625
-5.2769089,44.8306282,9.8752471,251.4237629,0.5607859,-0.0023962,0.162382
-5.5424859,45.25398,9.876194,251.9236113,0.5597645,-0.0020527,0.1427877
-5.8077038,45.6777289,9.877141,252.4234598,0.5586894,-0.0022487,0.1428672
-6.0724202,46.1017356,9.878088,252.9233082,0.5575163,-0.0024446,0.1429468
-6.3366006,46.5260372,9.8790349,253.4231566,0.5562455,-0.0026403,0.1430263
-6.6002109,46.9506708,9.8799819,253.9230051,0.5548771,-0.0028357,0.1431059
-6.8632166,47.3756737,9.880723,254.4228535,0.553411,-0.0030308,0.114855
-7.1255451,47.8009922,9.8813856,254.9227019,0.5519825,-0.0024167,0.1007432
-7.3873522,48.2266113,9.8820483,255.4225504,0.5510294,-0.0013981,0.1007825
-7.6488909,48.6524603,9.882711,255.9223988,0.5505852,-0.0003798,0.1008219
-7.91039,49.0784262,9.8833736,256.4222473,0.5506497,0.0006377,0.1008612
-8.1720783,49.5043958,9.8840363,256.9220957,0.5512226,0.0016541,0.1009006
-8.4341848,49.9302561,9.8845521,257.4219441,0.5523036,0.0026689,0.0811704
-8.6966118,50.3554323,9.8850096,257.9217926,0.5535732,0.0017665,0.0711233
-8.9593448,50.7802735,9.8854671,258.421641,0.553987,-0.0001092,0.0711428
-9.2221437,51.2052732,9.8859246,258.9214894,0.5534644,-0.0019818,0.0711624
-9.4846141,51.6306829,9.8863822,259.4213379,0.5520064,-0.0038509,0.0711819
-9.7463615,52.0567541,9.8868397,259.9211863,0.5496142,-0.0057163,0.0712014
-10.0069914,52.4837385,9.8871421,260.4210347,0.5462889,-0.0075775,0.0562653
-10.2656462,52.9110842,9.8873769,260.9208832,0.5422053,-0.0084125,0.0481538
-10.5223687,53.3392823,9.8876117,261.4207316,0.537936,-0.0086896,0.0481628
-10.7773691,53.7688237,9.8878465,261.92058,0.5335267,-0.0089637,0.0481717
-11.0305984,54.1997671,9.8880813,262.4204285,0.5289784,-0.0092345,0.0481806
-11.2820075,54.6321716,9.8883161,262.9202769,0.5242925,-0.0095019,0.0481895
-11.5315476,55.0660961,9.8885795,263.4201253,0.5194701,-0.0097656,0.0408265
-11.7784374,55.5003581,9.8888578,263.9199738,0.5142688,-0.0117032,0.0362431
-12.0225447,55.9356381,9.889136,264.4198222,0.5076859,-0.0146765,0.0362482
-12.2636481,56.3730435,9.8894143,264.9196707,0.4996151,-0.0176397,0.0362532
-12.5010763,56.8129075,9.8896925,265.4195191,0.4900595,-0.0205909,0.0362583
-12.7341581,57.2555633,9.8899707,265.9193675,0.4790232,-0.0235267,0.0362633
-12.9622223,57.7013443,9.8898401,266.419216,0.4665116,-0.0264415,0.0252945
-13.1836963,58.1486539,9.8894307,266.9190644,0.4529566,-0.0267035,0.0165466
-13.3987533,58.5979099,9.8890213,267.4189128,0.4401157,-0.0248571,0.0165476
-13.6085481,59.0504869,9.8886119,267.9187613,0.4281779,-0.0230052,0.0165487
-13.8134878,59.5062369,9.8882025,268.4186097,0.4171448,-0.0211538,0.0165497
-14.0139793,59.9650116,9.8877931,268.9184581,0.4070162,-0.0193078,0.0165508
-14.2104297,60.426663,9.8875679,269.4183066,0.3977905,-0.0174714,0.0134994
-14.4025011,60.8891054,9.8875516,269.918155,0.3901208,-0.0101007,0.0097664
-14.5917158,61.3510335,9.8875353,270.4180034,0.3885899,0.0039431,0.0097667
-14.7820782,61.8131679,9.887519,270.9178519,0.3940529,0.0179096,0.0097671
-14.9766892,62.2738581,9.8875027,271.4177003,0.4065008,0.0318746,0.0097674
-15.1786499,62.7314537,9.8874864,271.9175487,0.4259441,0.0458745,0.0097678
-15.3910611,63.1843042,9.8863312,272.4173972,0.4523944,0.0598752,-0.0164643
-15.6167747,63.6302937,9.8820953,272.9172456,0.4857362,0.0728844,-0.0816506
-15.8580345,64.0668977,9.8778594,273.4170941,0.5248265,0.0838865,-0.0816251
-16.1173573,64.4930295,9.8736235,273.9169425,0.569476,0.0951434,-0.0815995
-16.3966198,64.906393,9.8693876,274.4167909,0.6197683,0.1064491,-0.081574
-16.6976983,65.304692,9.8651516,274.9166394,0.6756954,0.1174599,-0.0815484
-17.0224695,65.6856305,9.8354617,275.4164878,0.7371106,0.1276877,-1.846217
-17.3762646,66.0502433,9.5368671,275.9163362,0.8042364,0.1331031,-16.8265872
-17.787342,66.4194697,9.2382725,276.4161847,0.8719447,0.1137173,-15.6438108
-18.214592,66.75723,8.9396779,276.9160331,0.9308837,0.1041764,-14.4610344
-18.6430993,67.0585429,8.6410833,277.4158815,0.9849962,0.1040854,-13.278258
-19.0579487,67.318427,8.3424886,277.91573,1.038295,0.116412,-12.0954816
-19.4442251,67.5319012,8.2056675,278.4155784,1.0960947,0.1517047,-3.4905569
-19.87086,67.7277148,8.3443992,278.9154268,1.2015845,0.3695054,6.325914
-20.3262465,67.839965,8.483131,279.4152753,1.5011707,0.9122243,6.6859505
-20.7576004,67.7798891,8.6218627,279.9151237,1.9048726,0.7631725,7.045987
-21.2394724,67.5236899,8.698507,280.4149721,2.1685464,0.2689621,3.2204479
-21.5940662,67.2593265,8.7625497,280.9148206,2.2402724,0.0817903,2.8322143
-21.964544,66.9589677,8.8265924,281.414669,2.2574069,-0.0003119,2.8842045
-22.3657672,66.6335093,8.890635,281.9145174,2.2425473,-0.0549403,2.9361947
-22.790534,66.3089857,8.9546777,282.4143659,2.1990523,-0.1091342,2.9881849
-23.2316425,66.0114311,9.0187203,282.9142143,2.1230835,-0.1811645,3.0401751
-23.6818908,65.7668799,9.0683164,283.4140628,2.0042299,-0.2919023,-0.7572182
-24.1862592,65.5841893,9.1120139,283.9139112,1.8299475,-0.3316361,-1.7867162
-24.6998923,65.4943607,9.1557114,284.4137596,1.6590014,-0.3193438,-1.7687336
-25.2015777,65.4892387,9.1994089,284.9136081,1.5054723,-0.2901237,-1.750751
-25.6843347,65.5539567,9.2431064,285.4134565,1.3724021,-0.2556687,-1.7327684
-26.1411823,65.673648,9.2813831,285.9133049,1.259202,-0.2242425,-0.7841676
-26.5907345,65.8448183,9.3116945,286.4131534,1.1549048,-0.2225436,0.3535571
-27.0308658,66.0697349,9.342006,286.9130018,1.0407957,-0.2350172,0.3543192
-27.4360223,66.3390698,9.3723174,287.4128502,0.9284471,-0.2224874,0.3550813
-27.8149239,66.654879,9.4026288,287.9126987,0.82624,-0.189268,0.3558434
-28.1762903,67.0192184,9.4253111,288.4125471,0.7400685,-0.1461574,1.8095455
-28.4860916,67.3815644,9.4447092,288.9123955,0.6757526,-0.1302294,2.2771698
-28.7738361,67.7641079,9.4641074,289.412244,0.6142741,-0.127353,2.3072488
-29.0468012,68.1783264,9.4835055,289.9120924,0.5509768,-0.1283618,2.3373278
-29.2993606,68.6215447,9.5029037,290.4119408,0.484557,-0.1324384,2.3674069
-29.525888,69.0910876,9.5218357,290.9117893,0.4138772,-0.1390087,2.2094675
-29.7181867,69.5769546,9.5353475,291.4116377,0.3393172,-0.1433351,1.5603564
-29.8682972,70.0552855,9.5488593,291.9114862,0.2694769,-0.1359399,1.5728625
-29.9860397,70.5458871,9.5623711,292.4113346,0.2018863,-0.1326009,1.5853687
-30.0706507,71.0434031,9.5758829,292.911183,0.1349766,-0.133169,1.5978749
-30.121367,71.5424775,9.5893946,293.4110315,0.0671875,-0.1377434,1.6103811
-30.1374251,72.0377538,9.6027247,293.9108799,-0.003103,-0.1466897,1.5018488
-30.1172493,72.5343567,9.6131031,294.4107283,-0.0790903,-0.1574447,1.1975983
-30.0559214,73.0438075,9.6234815,294.9105768,-0.1607809,-0.1605218,1.2043262
-29.9551596,73.5374518,9.6338599,295.4104252,-0.2420029,-0.1614649,1.2110542
-29.8168285,74.0147629,9.6442383,295.9102736,-0.3220792,-0.160401,1.2177821
-29.6427927,74.4752139,9.6546166,296.4101221,-0.4004306,-0.1575956,1.2245101
-29.434917,74.9182778,9.6641939,296.9099705,-0.4766011,-0.1534057,0.9470413
-29.1920501,75.3480581,9.6729763,297.4098189,-0.5522498,-0.154273,0.8653863
-28.9161953,75.7594816,9.6817587,297.9096674,-0.6291967,-0.1561929,0.8686875
-28.6084559,76.1494325,9.6905411,298.4095158,-0.7070972,-0.1571986,0.8719888
-28.269169,76.5162706,9.6993236,298.9093642,-0.785699,-0.157136,0.8752901
-27.8986715,76.8583557,9.7079044,299.4092127,-0.8646951,-0.1558874,0.7768882
-27.5054486,77.1681492,9.7150665,299.9090611,-0.9419617,-0.1507217,0.5808588
-27.1007573,77.440803,9.7222285,300.4089096,-1.0130835,-0.1410071,0.5822941
-26.672523,77.6880146,9.7293906,300.908758,-1.0807483,-0.1329173,0.5837293
-26.2234939,77.9090094,9.7365526,301.4086064,-1.1455901,-0.1264403,0.5851645
-25.756418,78.1030125,9.7437147,301.9084549,-1.2082389,-0.1215201,0.5865997
-25.2740434,78.2692493,9.749853,302.4083033,-1.2693107,-0.1180844,0.5069194
-24.7863604,78.4052328,9.7547924,302.9081517,-1.3277964,-0.110982,0.44861
-24.2949621,78.5129968,9.7597318,303.4080002,-1.3812644,-0.1018532,0.4494423
-23.7980526,78.5955015,9.7646712,303.9078486,-1.4306363,-0.0944376,0.4502746
-23.2990019,78.6541322,9.7696106,304.407697,-1.4765761,-0.0886607,0.4511069
-22.8011802,78.6902739,9.77455,304.9075455,-1.5197225,-0.0844664,0.4519392
-22.3079575,78.7053118,9.7790148,305.4073939,-1.560695,-0.0818456,0.3841794
-21.7971276,78.6997601,9.7831575,305.9072423,-1.6029811,-0.0853424,0.3507725
-21.2843372,78.6717202,9.7873003,306.4070908,-1.648399,-0.0915835,0.3512706
-20.7829162,78.6207919,9.791443,306.9069392,-1.6961791,-0.0980515,0.3517688
-20.293338,78.5466988,9.7955857,307.4067876,-1.7463591,-0.1046405,0.352267
-19.8160758,78.4491649,9.7996495,307.9066361,-1.7989384,-0.1112102,0.3346775
-19.3473119,78.3266646,9.8030353,308.4064845,-1.8543914,-0.1175678,0.259437
-18.8740736,78.1733631,9.8064211,308.906333,-1.9141243,-0.12208,0.2597058
-18.4133596,77.9926918,9.8098069,309.4061814,-1.9750392,-0.1235336,0.2599746
-17.9635304,77.7837698,9.8131927,309.9060298,-2.0360146,-0.1217807,0.2602435
-17.5229465,77.5457164,9.8165786,310.4058783,-2.0959309,-0.1170162,0.2605123
-17.0899683,77.2776511,9.8192181,310.9057267,-2.1537615,-0.1097338,0.1867656
-16.6954965,77.0028213,9.8217497,311.4055751,-2.2040306,-0.0995872,0.1846635
-16.3080365,76.7040536,9.8242812,311.9054236,-2.2505919,-0.09101,0.1847982
-15.9276302,76.3824413,9.8268128,312.405272,-2.2940966,-0.0838929,0.1849328
-15.5553044,76.0397273,9.8293444,312.9051204,-2.3350228,-0.0780609,0.1850675
-15.1920862,75.6776543,9.8318778,313.4049689,-2.3738067,-0.0733623,0.175683
-14.8448542,75.3045011,9.8344184,313.9048173,-2.410092,-0.0678178,0.154197
-14.5206896,74.931527,9.8369591,314.4046657,-2.4413583,-0.0588454,0.1542902
-14.2052823,74.5464725,9.8394997,314.9045142,-2.4685494,-0.0505201,0.1543834
-13.8979216,74.1513047,9.8420403,315.4043626,-2.4918774,-0.0427673,0.1544766
-13.5978966,73.7479907,9.844581,315.904211,-2.5115284,-0.0354926,0.1545698
-13.3044968,73.3384976,9.8470593,316.4040595,-2.5276558,-0.0285894,0.1445062
-13.0174038,72.9253555,9.8493026,316.9039079,-2.5404576,-0.0231814,0.1220901
-12.7363958,72.5106565,9.8515459,317.4037563,-2.5514148,-0.0205592,0.1221482
-12.4599954,72.0935776,9.8537892,317.9036048,-2.5610396,-0.0179081,0.1222062
-12.1876162,71.6744632,9.8560325,318.4034532,-2.5693237,-0.0152344,0.1222642
-11.9186714,71.2536582,9.8582758,318.9033017,-2.5762605,-0.0125427,0.1223223
-11.6525742,70.8315071,9.8604099,319.4031501,-2.5818449,-0.0098365,0.1126251
-11.3884463,70.4078825,9.8620619,319.9029985,-2.5860976,-0.0074017,0.0887494
-11.1253488,69.9823865,9.863714,320.402847,-2.5893631,-0.0056518,0.0887799
-10.86359,69.5563681,9.865366,320.9026954,-2.5917501,-0.0038948,0.0888103
-10.6027667,69.1300134,9.8670181,321.4025438,-2.5932566,-0.0021327,0.0888408
-10.3424757,68.7035087,9.8686702,321.9023923,-2.5938812,-0.000367,0.0888713
-10.0823141,68.27704,9.870234,322.4022407,-2.593623,0.0014006,0.0813438
-9.8218484,67.8507408,9.8714041,322.9020891,-2.5925172,0.0026807,0.062979
-9.5607575,67.4246547,9.8725742,323.4019376,-2.5911544,0.0027736,0.0629943
-9.2990635,66.9989098,9.8737443,323.901786,-2.5897452,0.0028658,0.0630096
-9.0367326,66.573496,9.8749144,324.4016344,-2.58829,0.0029574,0.0630249
-8.7737315,66.148403,9.8760845,324.9014829,-2.5867889,0.0030483,0.0630402
-8.5100266,65.7236204,9.8771919,325.4013313,-2.5852423,0.0031384,0.0576226
-8.2457183,65.2993524,9.8780217,325.9011797,-2.5836571,0.0031472,0.0446774
-7.9809822,64.8758753,9.8788515,326.4010282,-2.5821311,0.0029637,0.0446851
-7.7155266,64.4526426,9.8796813,326.9008766,-2.5806963,0.0027802,0.0446928
-7.4493817,64.0296175,9.880511,327.4007251,-2.5793527,0.0025966,0.0447005
-7.1825774,63.6067631,9.8813408,327.9005735,-2.5781003,0.0024131,0.0447081
-6.9151439,63.1840427,9.8821281,328.4004219,-2.5769392,0.0022297,0.0409376
-6.6473016,62.7617192,9.8827157,328.9002704,-2.57587,0.0020451,0.0316615
-6.3793681,62.3402049,9.8833033,329.4001188,-2.5748953,0.0018581,0.0316653
-6.11093,61.9187616,9.883891,329.8999672,-2.5740134,0.0016718,0.0316692
-5.842042,61.4973894,9.8844786,330.3998157,-2.5732242,0.0014863,0.031673
-5.5727589,61.0760886,9.8850662,330.8996641,-2.5725273,0.0013014,0.0316769
-5.3031353,60.6548595,9.8856277,331.3995125,-2.5719225,0.0011171,0.0291938
-5.0333032,60.2338229,9.8860435,331.899361,-2.5714106,0.000923,0.0224177
-4.7634511,59.8131811,9.8864593,332.3992094,-2.5710047,0.0007014,0.0224196
-4.4934213,59.392587,9.8868751,332.8990578,-2.5707095,0.00048,0.0224215
-4.2232673,58.9720214,9.8872909,333.3989063,-2.5705248,0.0002588,0.0224234
-3.9530425,58.5514652,9.8877066,333.8987547,-2.5704508,3.76E-05,0.0224254
-3.6828003,58.1308993,9.8881076,334.3986031,-2.5704872,-0.0001835,0.020847
-3.4126045,57.7103209,9.8884017,334.8984516,-2.5706307,-0.0003469,0.0158732
-3.1425122,57.2897516,9.8886959,335.3983,-2.5707995,-0.0003285,0.0158741
-2.872488,56.8691364,9.88899,335.8981485,-2.5709591,-0.0003101,0.0158751
-2.6025251,56.4484732,9.8892842,336.3979969,-2.5711095,-0.0002918,0.0158761
-2.3326167,56.0277599,9.8895783,336.8978453,-2.5712508,-0.0002734,0.015877
-2.0627559,55.6069944,9.8898647,337.3976938,-2.5713828,-0.000255,0.0148907
-1.7929494,55.1861956,9.8900727,337.8975422,-2.5715056,-0.0002348,0.0112381
-1.5232273,54.7654199,9.8902808,338.3973906,-2.5716162,-0.0002081,0.0112386
-1.2535359,54.3445959,9.8904888,338.8972391,-2.5717135,-0.0001813,0.0112391
-0.9838713,53.9237298,9.8906969,339.3970875,-2.5717975,-0.0001546,0.0112395
-0.7142296,53.5028278,9.890905,339.8969359,-2.5718681,-0.0001279,0.01124
-0.4446068,53.081896,9.8911095,340.3967844,-2.5719254,-0.0001013,0.0106397
-0.1750062,52.660952,9.8912567,340.8966328,-2.5719695,-7.83E-05,0.0079579
0.0945504,52.2400396,9.8914039,341.3964812,-2.5720071,-7.2E-05,0.0079582
0.3640966,51.8191099,9.8915511,341.8963297,-2.5720416,-6.58E-05,0.0079584
0.6336338,51.3981639,9.8916983,342.3961781,-2.5720729,-5.95E-05,0.0079587
0.9031631,50.9772026,9.8918455,342.8960265,-2.572101,-5.32E-05,0.0079589
1.1726858,50.556227,9.8919917,343.395875,-2.5721261,-4.69E-05,0.007605
1.4421997,50.1352434,9.8920958,343.8957234,-2.5721479,-3.94E-05,0.005636
1.7116904,49.7142782,9.8922,344.3955718,-2.5721639,-2.45E-05,0.0056361
1.9811795,49.293304,9.8923042,344.8954203,-2.5721724,-9.6E-06,0.0056362
2.2506695,48.8723242,9.8924083,345.3952687,-2.5721735,5.2E-06,0.0056364
2.5201627,48.4513417,9.8925125,345.8951172,-2.5721672,2.01E-05,0.0056365
2.7896614,48.0303598,9.8926167,346.3949656,-2.5721534,3.5E-05,0.0054371
3.0591681,47.6093818,9.8926907,346.894814,-2.5721323,4.65E-05,0.0039921
3.3286831,47.1884109,9.8927644,347.3946625,-2.5721122,3.39E-05,0.0039922
3.5982047,46.7674455,9.8928381,347.8945109,-2.5720984,2.13E-05,0.0039922
3.8677294,46.3464851,9.8929118,348.3943593,-2.5720908,8.7E-06,0.0039923
4.1372541,45.9255287,9.8929856,348.8942078,-2.5720896,-3.9E-06,0.0039924
4.4067755,45.5045756,9.8930593,349.3940562,-2.5720947,-1.65E-05,0.0038874
4.6762925,45.0836219,9.8931124,349.8939046,-2.572106,-2.67E-05,0.0028281
4.945821,44.6626393,9.8931646,350.3937531,-2.5721158,-1.27E-05,0.0028282
5.2153425,44.2416618,9.8932168,350.8936015,-2.5721187,1.3E-06,0.0028282
5.4848593,43.8206923,9.8932689,351.3934499,-2.5721145,1.53E-05,0.0028282
5.7543737,43.3997337,9.8933211,351.8932984,-2.5721034,2.93E-05,0.0028283
6.0238878,42.978789,9.8933733,352.3931468,-2.5720853,4.32E-05,0.0027792
6.2934067,42.5578568,9.8934114,352.8929952,-2.5720602,5.52E-05,0.0020038
6.5629718,42.1368759,9.8934483,353.3928437,-2.5720375,3.58E-05,0.0020038
6.8325362,41.7159128,9.8934853,353.8926921,-2.5720245,1.63E-05,0.0020038
7.1020949,41.2949659,9.8935222,354.3925406,-2.5720212,-3.1E-06,0.0020038
7.3716434,40.8740337,9.8935592,354.892389,-2.5720276,-2.26E-05,0.0020038
7.6411769,40.4531145,9.8935961,355.3922374,-2.5720437,-4.2E-05,0.0019863
7.9106927,40.0322033,9.8936234,355.8920859,-2.5720696,-6.03E-05,0.0014198
8.1802543,39.6111956,9.8936496,356.3919343,-2.5720946,-3.98E-05,0.0014198
8.449795,39.190202,9.8936757,356.8917827,-2.5721094,-1.92E-05,0.0014199
8.7193185,38.7692265,9.8937019,357.3916312,-2.5721138,1.3E-06,0.0014199
8.9888281,38.3482732,9.893728,357.8914796,-2.5721081,2.18E-05,0.0014199
9.2583273,37.9273462,9.8937542,358.391328,-2.572092,4.24E-05,0.0014191
9.5278197,37.5064495,9.8937737,358.8911765,-2.5720657,6.28E-05,0.0010061
9.7974007,37.0854387,9.8937923,359.3910249,-2.5720449,2.04E-05,0.0010061
10.0669695,36.6644565,9.8938108,359.8908733,-2.5720453,-2.21E-05,0.0010062
10.3365174,36.2434967,9.8938293,360.3907218,-2.5720669,-6.45E-05,0.0010062
10.6060356,35.8225533,9.8938478,360.8905702,-2.5721098,-0.000107,0.0010062
10.8755154,35.4016204,9.8938663,361.3904186,-2.5721739,-0.0001495,0.0010062
11.1449481,34.9806918,9.8938803,361.8902671,-2.5722592,-0.000192,0.0007199
11.4144124,34.5596317,9.8938934,362.3901155,-2.572343,-0.0001411,0.0007129
11.6838349,34.1385716,9.8939065,362.889964,-2.5724003,-8.8E-05,0.0007129
11.9532261,33.7175195,9.8939196,363.3898124,-2.572431,-3.48E-05,0.0007129
12.2225985,33.2964806,9.8939327,363.8896608,-2.5724351,1.84E-05,0.0007129
12.4919647,32.87546,9.8939458,364.3895093,-2.5724126,7.15E-05,0.0007129
12.7613373,32.4544626,9.8939557,364.8893577,-2.5723636,0.0001247,0.0005148
13.0307733,32.0334168,9.893965,365.3892061,-2.5723115,7.89E-05,0.0005048
13.3002214,31.6123889,9.8939742,365.8890546,-2.5722848,2.8E-05,0.0005048
13.5696687,31.1913752,9.8939835,366.388903,-2.5722834,-2.28E-05,0.0005048
13.8391047,30.7703685,9.8939927,366.8887514,-2.5723076,-7.36E-05,0.0005048
14.1085192,30.3493613,9.894002,367.3885999,-2.5723571,-0.0001245,0.0005048
14.3779016,29.9283465,9.8940091,367.8884483,-2.572432,-0.0001754,0.0003676
14.6472737,29.507274,9.8940156,368.3882967,-2.5725067,-0.0001157,0.0003571
14.9166187,29.0861901,9.8940221,368.8881452,-2.5725475,-4.75E-05,0.0003571
15.1859496,28.6651064,9.8940286,369.3879936,-2.5725542,2.06E-05,0.0003571
15.4552812,28.2440309,9.8940351,369.887842,-2.5725269,8.88E-05,0.0003571
15.7246287,27.8229719,9.8940416,370.3876905,-2.5724655,0.0001569,0.0003571
15.994007,27.4019375,9.8940466,370.8875389,-2.57237,0.000225,0.0002618
16.2634359,26.9809191,9.8940512,371.3873873,-2.5722728,0.0001507,0.000252
16.5328965,26.5599212,9.8940557,371.8872358,-2.5722197,6.18E-05,0.000252
16.8023695,26.1389325,9.8940602,372.3870842,-2.572211,-2.71E-05,0.000252
17.0718368,25.7179401,9.8940648,372.8869327,-2.5722468,-0.000116,0.000252
17.3412802,25.2969314,9.8940693,373.3867811,-2.572327,-0.0002049,0.000252
17.6106814,24.8758936,9.8940728,373.8866295,-2.5724516,-0.0002938,0.0001853
17.8800185,24.4548309,9.8940759,374.386478,-2.5725806,-0.0002014,0.0001767
18.1493141,24.0337395,9.894079,374.8863264,-2.5726523,-8.54E-05,0.0001767
18.4185944,23.6126325,9.8940821,375.3861748,-2.5726659,3.06E-05,0.0001767
18.6878845,23.1915244,9.8940852,375.8860233,-2.5726217,0.0001466,0.0001767
18.9572094,22.7704298,9.8940883,376.3858717,-2.5725194,0.0002626,0.0001767
19.2265942,22.3493635,9.8940906,376.8857201,-2.5723591,0.0003785,0.0001296
19.4960308,21.9283784,9.8940926,377.3855686,-2.5721904,0.000265,0.0001221
19.7655246,21.5074267,9.8940947,377.885417,-2.5720955,0.000115,0.0001221
20.0350489,21.0864807,9.8940967,378.3852654,-2.5720755,-3.49E-05,0.0001221
20.3045726,20.6655193,9.8940987,378.8851139,-2.5721304,-0.0001849,0.0001221
20.5740649,20.2445215,9.8941007,379.3849623,-2.5722603,-0.0003348,0.0001221
20.8434945,19.8234663,9.8941021,379.8848107,-2.5724651,-0.0004847,8.8E-05
21.112794,19.4024058,9.8941032,380.3846592,-2.5726833,-0.0003415,8.15E-05
21.3820224,18.9812982,9.8941044,380.8845076,-2.5728042,-0.0001424,8.15E-05
21.6512306,18.5601561,9.8941055,381.3843561,-2.5728257,5.66E-05,8.15E-05
21.9204612,18.1390053,9.8941066,381.8842045,-2.5727476,0.0002556,8.15E-05
22.1897568,17.7178715,9.8941078,382.3840529,-2.5725701,0.0004546,8.15E-05
22.4591599,17.2967804,9.8941083,382.8839014,-2.5722931,0.0006535,5.42E-05
22.728643,16.8758483,9.8941086,383.3837498,-2.5719915,0.0004859,4.81E-05
22.9982274,16.4549828,9.8941089,383.8835982,-2.5718112,0.0002357,4.81E-05
23.2678752,16.0341278,9.8941092,384.3834467,-2.5717559,-1.44E-05,4.81E-05
23.537534,15.6132488,9.8941095,384.8832951,-2.5718256,-0.0002645,4.81E-05
23.8071519,15.1923111,9.8941098,385.3831435,-2.5720203,-0.0005145,4.81E-05
24.0766767,14.7712804,9.8941096,385.882992,-2.5723399,-0.0007644,2.7E-05
24.3459889,14.3502499,9.894109,386.3828404,-2.5726932,-0.0005525,2.14E-05
24.615181,13.9291514,9.8941085,386.8826888,-2.5728858,-0.0002181,2.14E-05
24.8843449,13.507996,9.894108,387.3825373,-2.5729112,0.0001162,2.14E-05
25.1535517,13.0868272,9.8941075,387.8823857,-2.5727696,0.0004504,2.14E-05
25.422873,12.6656884,9.894107,388.3822341,-2.572461,0.0007844,2.14E-05
25.6923798,12.2446232,9.8941057,388.8820826,-2.5719854,0.0011183,-4.7E-06
25.9620359,11.8238176,9.8941039,389.381931,-2.5714515,0.0008827,-1.28E-05
26.2318692,11.4031433,9.8941021,389.8817795,-2.5711136,0.0004698,-1.28E-05
26.5018233,10.982498,9.8941002,390.3816279,-2.5709819,5.7E-05,-1.28E-05
26.7718114,10.5618261,9.8940984,390.8814763,-2.5710566,-0.0003557,-1.28E-05
27.0417468,10.1410718,9.8940966,391.3813248,-2.5713375,-0.0007681,-1.28E-05
27.3115427,9.7201794,9.8940939,391.8811732,-2.5718246,-0.0011804,-4.47E-05
27.5810404,9.299233,9.8940905,392.3810216,-2.572397,-0.000933,-5.64E-05
27.8503314,8.8781783,9.8940871,392.8808701,-2.572741,-0.0004438,-5.64E-05
28.1195461,8.4570374,9.8940836,393.3807185,-2.5728406,4.52E-05,-5.64E-05
28.3887841,8.0358808,9.8940802,393.8805669,-2.5726958,0.0005342,-5.64E-05
28.6581454,7.6147794,9.8940768,394.3804154,-2.5723066,0.001023,-5.64E-05
28.9277297,7.1938036,9.8940727,394.8802638,-2.571673,0.0015118,-6.63E-05
29.1975951,6.7730546,9.8940679,395.3801122,-2.5709563,0.0010773,-7.05E-05
29.4676779,6.3524623,9.8940632,395.8799607,-2.5706261,0.000244,-7.05E-05
29.7378148,5.9318989,9.8940585,396.3798091,-2.5707124,-0.0005894,-7.05E-05
30.0078295,5.511253,9.8940537,396.8796575,-2.5712153,-0.0014227,-7.05E-05
30.2775461,5.0904135,9.894049,397.379506,-2.5721347,-0.002256,-7.05E-05
30.5467885,4.6692692,9.8940398,397.8793544,-2.5734707,-0.0030893,-0.0002332
30.8154019,4.247713,9.894026,398.3792029,-2.5750423,-0.0028329,-0.0003154
31.0834218,3.8257756,9.8940122,398.8790513,-2.5762565,-0.0020254,-0.0003154
31.3510122,3.4035708,9.8939984,399.3788997,-2.5770671,-0.0012178,-0.0003154
31.6183411,2.9812101,9.8939846,399.8787482,-2.577474,-0.0004103,-0.0003154
31.8855765,2.5588054,9.8939708,400.3785966,-2.5774773,0.0003973,-0.0003154
32.1528866,2.1364683,9.8939592,400.878445,-2.5770768,0.0012051,-0.0002262
32.4204641,1.7142354,9.8939503,401.3782935,-2.5764577,0.0008368,-0.0001738
32.688226,1.2920948,9.8939413,401.8781419,-2.5763041,-0.0002223,-0.0001738
32.9559273,0.8699461,9.8939324,402.3779903,-2.57668,-0.0012817,-0.0001738
33.2233436,0.4476487,9.8939234,402.8778388,-2.5775855,-0.0023413,-0.0001738
33.4902507,0.0250623,9.8939145,403.3776872,-2.5790206,-0.0034013,-0.0001738
33.7564241,-0.3979536,9.893899,403.8775356,-2.5809854,-0.0044615,-0.0003348
34.0217415,-0.8216465,9.8938744,404.3773841,-2.5831812,-0.0035162,-0.0004432
34.2863556,-1.245855,9.8938499,404.8772325,-2.5843652,-0.0012199,-0.0004432
34.5506858,-1.6701845,9.8938253,405.3770809,-2.5844009,0.0010775,-0.0004432
34.8152113,-2.0943182,9.8938008,405.8769294,-2.5832878,0.0033764,-0.0004432
35.0804111,-2.5179392,9.8937762,406.3767778,-2.5810254,0.0056774,-0.0004432
35.3467645,-2.940731,9.8937192,406.8766262,-2.577613,0.007981,-0.0020634
35.6147967,-3.3624744,9.8936103,407.3764747,-2.5731929,0.0092706,-0.0032957
35.8847831,-3.7829878,9.8935015,407.8763231,-2.5684316,0.0097847,-0.0032957
36.1568173,-4.2021684,9.8933926,408.3761716,-2.5634144,0.0102946,-0.0032956
36.4310311,-4.6199848,9.8932838,408.87602,-2.5581431,0.0107997,-0.0032956
36.7075565,-5.0364058,9.893175,409.3758684,-2.5526195,0.0112992,-0.0032956
36.9865253,-5.4514002,9.8931238,409.8757169,-2.5468458,0.0117925,-0.0008694
37.2679146,-5.8646581,9.8931775,410.3755653,-2.5404963,0.0147361,0.0011923
37.5523086,-6.275753,9.8932312,410.8754137,-2.5318714,0.0197737,0.0011923
37.8407858,-6.6840635,9.8932849,411.3752622,-2.5207233,0.0248275,0.0011924
38.1342898,-7.0887354,9.8933386,411.8751106,-2.5070447,0.0299,0.0011924
38.4337639,-7.4889148,9.8933924,412.374959,-2.4908289,0.0349865,0.0011924
38.7401515,-7.8837477,9.8931854,412.8748075,-2.472072,0.0400736,-0.0104489
39.0518404,-8.2693325,9.8924246,413.3746559,-2.451299,0.042326,-0.0217997
39.3694557,-8.6459126,9.8916639,413.8745043,-2.4306285,0.0415246,-0.0217979
39.6960027,-9.0173718,9.8909031,414.3743528,-2.410368,0.0403438,-0.021796
40.0320587,-9.3845688,9.8901423,414.8742012,-2.3906524,0.0388204,-0.0217942
40.3782013,-9.7483625,9.8893815,415.3740496,-2.3716044,0.0370012,-0.0217924
40.735008,-10.1096114,9.888803,415.8738981,-2.3533322,0.0349392,-0.0121647
41.0995744,-10.4658719,9.8889514,416.3737465,-2.3365551,0.0277842,0.0038761
41.4674149,-10.8154531,9.8890999,416.873595,-2.3261561,0.0134125,0.0038761
41.8390087,-11.1637946,9.8892484,417.3734434,-2.3228211,-0.0002855,0.0038762
42.2090557,-11.5107905,9.8893969,417.8732918,-2.3264761,-0.0142723,0.0038762
42.5722553,-11.8563345,9.8895453,418.3731403,-2.3373767,-0.0295667,0.0038763
42.9233073,-12.2003205,9.8896938,418.8729887,-2.3561365,-0.0473767,-0.5740034
43.2591726,-12.5450331,9.8800221,419.3728371,-2.3840391,-0.070512,-6.3304946
43.594,-12.9141115,9.8695827,419.8726856,-2.4288462,-0.1096135,-6.1727308
43.9013002,-13.2918147,9.8591432,420.372534,-2.4913642,-0.1462541,-6.0149669
44.1795517,-13.6879315,9.8487038,420.8723824,-2.5692908,-0.1734447,-5.857203
44.4272331,-14.1122509,9.8382643,421.3722309,-2.6581359,-0.1851404,-5.6994391
44.6428233,-14.5745616,9.7452423,421.8720793,-2.7518528,-0.1794528,-8.9568749
44.8214626,-15.073666,8.7712385,422.3719277,-2.8414899,-0.1479029,-17.5252738
44.9604738,-15.5838254,7.7972348,422.8717762,-2.9052807,-0.0980434,-15.6563032
45.0751368,-16.1144736,6.8232311,423.3716246,-2.9494921,-0.0669849,-13.7873325
45.1695391,-16.6447626,5.8492274,423.871473,-2.9793449,-0.0446049,-11.9183619
45.2477678,-17.1538444,4.8752237,424.3713215,-2.9971324,-0.0239388,-10.0493912
45.3139105,-17.6208712,3.9012199,424.8711699,-3.0025077,0.0040661,-8.1804206
45.3720544,-18.024995,3.6459831,425.3710184,-2.9909689,0.0635813,-1.2681584
45.461353,-18.6597221,3.5704593,425.8708668,-3.0990972,-0.950233,-0.7917689
45.3338637,-18.9650266,3.6251326,426.3707152,2.064783,-3.2965464,0.794998
44.9031062,-19.037544,4.1189075,426.8705637,1.5995072,-0.2777963,5.0616124
44.5338075,-19.0334424,4.6126824,427.3704121,1.5275987,-0.1452682,5.9040017
44.0826874,-19.0008642,5.1064573,427.8702605,1.47269,-0.1058567,6.7463909
43.571085,-18.9370789,5.6002322,428.370109,1.4217428,-0.0949037,7.5887802
43.0203398,-18.8393561,6.0940071,428.8699574,1.3683508,-0.0978314,8.4311694
42.4517909,-18.7049654,6.5566498,429.3698058,1.3076671,-0.1116742,8.1758767
41.8978011,-18.535028,6.7416919,429.8696543,1.2363831,-0.1319424,3.4125734
41.4128418,-18.3477796,6.9267339,430.3695027,1.1684783,-0.1293885,3.5158472
40.9468107,-18.1309846,7.1117759,430.8693511,1.1024157,-0.1278022,3.6191211
40.5016712,-17.8873681,7.296818,431.3691996,1.0377014,-0.1274374,3.7223949
40.0793866,-17.6196555,7.48186,431.869048,0.9737623,-0.1285502,3.8256688
39.6819204,-17.3305721,7.666902,432.3688964,0.9099466,-0.1314245,3.9289427
39.3112361,-17.0228431,7.8369222,432.8687449,0.8455169,-0.1363989,3.6171132
38.9579194,-16.6876838,7.9546315,433.3685933,0.7776966,-0.1386171,2.570322
38.6076825,-16.3063495,8.0723408,433.8684417,0.7093629,-0.1244129,2.610798
38.2889213,-15.9115797,8.19005,434.3682902,0.6507496,-0.1059273,2.651274
37.9962103,-15.5067469,8.3077593,434.8681386,0.6030939,-0.0843689,2.69175
37.7241235,-15.0952235,8.4254686,435.3679871,0.56723,-0.0606713,2.732226
37.4672353,-14.680382,8.5369916,435.8678355,0.543726,-0.0353813,2.6205739
37.2183307,-14.2625552,8.6125074,436.3676839,0.5328559,-0.0120051,1.7941169
36.9648084,-13.8301651,8.6880232,436.8675324,0.5282238,-0.0064037,1.8106914
36.7142867,-13.39975,8.763539,437.3673808,0.5264936,-0.0005093,1.8272659
36.4644369,-12.9702404,8.8390548,437.8672292,0.5277252,0.0054604,1.8438404
36.2129303,-12.5405669,8.9145706,438.3670777,0.5319043,0.0112802,1.8604149
35.9574379,-12.10966,8.9807094,438.8669261,0.5389428,0.0167345,1.6546601
35.6990935,-11.6820992,9.027967,439.3667745,0.5483751,0.0194392,1.1782066
35.4412078,-11.2642632,9.0752246,439.866623,0.5573814,0.0172892,1.184658
35.1770689,-10.8443611,9.1224822,440.3664714,0.56547,0.0153578,1.1911094
34.9074521,-10.4229447,9.1697398,440.8663198,0.572708,0.0136071,1.1975608
34.6331328,-10.0005654,9.2169974,441.3661683,0.5791516,0.0120047,1.2040122
34.3548862,-9.5777751,9.2604475,441.8660167,0.5848477,0.0105226,1.1198254
34.0743426,-9.1564038,9.2920178,442.3658651,0.5898309,0.0093181,0.8104227
33.7943353,-8.7401208,9.323588,442.8657136,0.5943755,0.0088075,0.8132913
33.5124299,-8.324991,9.3551583,443.365562,0.598677,0.0083441,0.8161599
33.2291036,-7.9115042,9.3867286,443.8654105,0.6027523,0.0079228,0.8190284
32.9448337,-7.5001503,9.4182989,444.3652589,0.6066164,0.0075387,0.821897
32.6600972,-7.0914194,9.449281,444.8651073,0.610283,0.0071878,0.8123723
32.374934,-6.6851804,9.4716277,445.3649558,0.6137697,0.0068696,0.5854154
32.0820956,-6.2710538,9.4939745,445.8648042,0.6171896,0.0066125,0.5868522
31.7897407,-5.860529,9.5163212,446.3646526,0.6204538,0.0063377,0.588289
31.4978618,-5.453422,9.538668,446.8645011,0.6235562,0.0060457,0.5897259
31.2064513,-5.0495489,9.5610147,447.3643495,0.626491,0.0057368,0.5911627
30.9155017,-4.6487259,9.5829285,447.8641979,0.6292525,0.0054113,0.5824702
30.6247309,-4.2503941,9.5986894,448.3640464,0.6318348,0.0048779,0.4188375
30.3299484,-3.8484137,9.6144504,448.8638948,0.6333432,0.0011555,0.4195524
30.0356001,-3.4475082,9.6302113,449.3637432,0.6329793,-0.0026213,0.4202672
29.7416605,-3.0460642,9.6459722,449.8635917,0.6307406,-0.0063631,0.4209821
29.4481044,-2.6424687,9.6617332,450.3634401,0.6266545,-0.0099816,0.4216969
29.1549067,-2.2351083,9.6766257,450.8632885,0.6207772,-0.0133936,0.3996557
28.8640553,-1.8252328,9.6871079,451.363137,0.6132918,-0.0154347,0.2813584
28.5838776,-1.4242062,9.6975902,451.8629854,0.6066474,-0.0117675,0.2816747
28.3033747,-1.0177234,9.7080725,452.3628339,0.6017042,-0.0082851,0.281991
28.0220203,-0.6063976,9.7185547,452.8626823,0.5984097,-0.0049673,0.2823073
27.7392882,-0.190842,9.729037,453.3625307,0.5967171,-0.0017952,0.2826236
27.4546521,0.22833,9.7395192,453.8623792,0.5965848,0.0012492,0.28294
27.1675857,0.6505053,9.7461376,454.3622276,0.5979766,0.0041824,0.1732835
26.875744,1.0771044,9.7527434,454.862076,0.6029169,0.0149584,0.1734017
26.5810501,1.5007895,9.7593492,455.3619245,0.6135258,0.0263369,0.1735201
26.2836476,1.916225,9.7659551,455.8617729,0.6301804,0.039223,0.1736386
25.98368,2.318075,9.7725609,456.3616213,0.6535838,0.0547173,0.173757
25.6812909,2.7010039,9.7791667,456.8614698,0.6848297,0.0742854,0.1738754
25.376624,3.059676,9.7824673,457.3613182,0.7255072,0.0999849,0.0950157
25.0140022,3.4450412,9.7853248,457.8611666,0.7876303,0.1356762,0.0842544
24.6360812,3.7935676,9.7881824,458.3610151,0.8674606,0.1753978,0.0842822
24.2449567,4.095108,9.7910399,458.8608635,0.9637481,0.2138078,0.08431
23.8352363,4.3479688,9.7938975,459.3607119,1.0743471,0.2432575,0.0843377
23.4015274,4.5504561,9.7961265,459.8605604,1.1946593,0.2558169,0.0579073
22.9606184,4.6955154,9.7981952,460.3604088,1.3091668,0.2318746,0.0510968
22.4990155,4.7936264,9.800264,460.8602572,1.4110422,0.1998141,0.051107
22.0129726,4.8490084,9.8023327,461.3601057,1.5011196,0.1689464,0.0511172
21.503979,4.8638258,9.8044015,461.8599541,1.5799183,0.1412851,0.0511274
20.9735238,4.8402433,9.8071144,462.3598026,1.6484315,0.1175642,0.0693697
20.4565203,4.7850148,9.8107104,462.859651,1.7039603,0.0931627,0.0963864
19.9751359,4.7104592,9.8143064,463.3594994,1.7428864,0.0677508,0.0964226
19.4851594,4.6176561,9.8179024,463.8593479,1.7713729,0.0472034,0.0964587
18.9903387,4.5116757,9.8214984,464.3591963,1.7907298,0.0297047,0.0964949
18.4944213,4.3975878,9.8250944,464.8590447,1.8017531,0.0137696,0.096531
18.0011551,4.2804627,9.8286475,465.3588932,1.8047759,-0.0019403,0.0959239
17.5124228,4.1649353,9.8318231,465.8587416,1.7996738,-0.0172209,0.0879357
17.0099452,4.050057,9.8349988,466.35859,1.79178,-0.0132722,0.0879657
16.5161262,3.9406648,9.8381745,466.8584385,1.7862073,-0.0086493,0.0879956
16.0288584,3.8349354,9.8413501,467.3582869,1.783157,-0.0035043,0.0880255
15.5460341,3.7310454,9.8445258,467.8581353,1.7827661,0.0019629,0.0880555
15.065546,3.6271715,9.8476344,468.3579838,1.7850976,0.0075188,0.0866617
14.5851326,3.521456,9.8499129,468.8578322,1.790129,0.0124161,0.0637614
14.1008269,3.4120651,9.8521915,469.3576806,1.7954832,0.0091731,0.0637771
13.6150682,3.3000123,9.85447,469.8575291,1.7992685,0.0060294,0.0637928
13.1281603,3.1861488,9.8567486,470.3573775,1.8015125,0.0029565,0.0638085
12.6404074,3.0713255,9.8590272,470.857226,1.8022335,-7.3E-05,0.0638242
12.1521134,2.9563935,9.8612462,471.3570744,1.8014409,-0.0030862,0.0624174
11.6636847,2.8422277,9.862852,471.8569228,1.7991405,-0.0058619,0.0450068
11.1764903,2.7297467,9.8644578,472.3567713,1.7962716,-0.0056121,0.0450146
10.6892187,2.6186867,9.8660636,472.8566197,1.7935307,-0.0053556,0.0450223
10.2017573,2.5089548,9.8676694,473.3564681,1.79092,-0.0050932,0.0450301
9.7139938,2.4004582,9.8692752,473.8563166,1.7884417,-0.0048255,0.0450379
9.2258156,2.2931042,9.870841,474.356165,1.7860976,-0.0045531,0.0440443
8.7372111,2.1868218,9.8719761,474.8560134,1.78389,-0.0042707,0.0318457
8.2492361,2.0817635,9.8731112,475.3558619,1.781847,-0.0039159,0.0318496
7.7607099,1.9775858,9.8742462,475.8557103,1.779979,-0.0035639,0.0318535
7.2717036,1.8742157,9.8753813,476.3555587,1.7782851,-0.0032146,0.0318574
6.7822884,1.7715807,9.8765164,476.8554072,1.7767645,-0.0028675,0.0318613
6.2925353,1.6696079,9.8776297,477.3552556,1.7754164,-0.0025223,0.0313098
5.8025676,1.5682354,9.8784327,477.855104,1.7742404,-0.0021811,0.0225841
5.3132107,1.467547,9.8792357,478.3549525,1.7732265,-0.0018775,0.0225861
4.8236677,1.367299,9.8800387,478.8548009,1.7723641,-0.0015743,0.022588
4.3339509,1.2674167,9.8808418,479.3546494,1.771653,-0.0012712,0.02259
3.8440726,1.1678257,9.8816448,479.8544978,1.7710932,-0.0009685,0.0225919
3.3540453,1.0684515,9.882419,480.3543462,1.7706846,-0.000666,0.0218456
2.8638983,0.9692229,9.882419,480.8541947,1.770427,-0.000369,0
2.3741328,0.8701716,9.882419,481.3540431,1.7702791,-0.0002229,0
1.8842676,0.771157,9.882419,481.8538915,1.7702042,-7.7E-05,0
1.3943269,0.6721467,9.882419,482.35374,1.7702021,6.88E-05,0
0.904335,0.5731085,9.882419,482.8535884,1.770273,0.0002145,0
0.414316,0.4740102,9.8858452,483.3534368,1.7704166,0.0003602,0.0964566
-0.0757058,0.3748194,9.8858452,483.8532853,1.7706332,0.000506,0.0113218
